id,order_id,product_id,quantity
0,0,9,6
1,1,5,6
2,2,8,5
3,3,1,2
4,4,7,1
5,5,4,8
6,6,6,10
7,7,7,2
8,8,8,6
9,9,0,6
10,10,9,3
11,11,1,2
12,12,7,10
13,13,4,10
14,14,8,3
15,15,8,8
16,16,7,3
17,17,6,3
18,18,1,4
19,19,1,8
20,20,0,9
21,21,8,8
22,22,0,7
23,23,7,5
24,24,4,8
25,25,2,2
26,26,9,10
27,27,9,6
28,28,5,8
29,29,6,7
30,30,2,2
31,31,7,2
32,32,2,10
33,33,0,3
34,34,4,9
35,35,7,7
36,36,7,8
37,37,6,9
38,38,8,4
39,39,6,2
40,40,3,7
41,41,5,4
42,42,7,6
43,43,6,2
44,44,8,2
45,45,1,10
46,46,8,1
47,47,4,2
48,48,1,3
49,49,2,9
50,50,6,1
51,51,0,3
52,52,8,3
53,53,8,5
54,54,8,10
55,55,3,9
56,56,2,9
57,57,7,10
58,58,4,8
59,59,3,3
60,60,7,6
61,61,3,8
62,62,3,10
63,63,0,10
64,64,0,6
65,65,8,5
66,66,6,3
67,67,1,2
68,68,7,2
69,69,3,10
70,70,9,3
71,71,4,10
72,72,5,7
73,73,9,6
74,74,9,3
75,75,2,4
76,76,9,4
77,77,3,5
78,78,8,5
79,79,7,8
80,80,7,1
81,81,8,1
82,82,8,10
83,83,9,8
84,84,0,8
85,85,7,10
86,86,1,7
87,87,1,5
88,88,7,5
89,89,3,2
90,90,4,5
91,91,7,6
92,92,7,10
93,93,6,10
94,94,6,8
95,95,9,9
96,96,7,1
97,97,8,7
98,98,5,10
99,99,0,1
100,100,9,6
101,101,5,5
102,102,8,6
103,103,5,7
104,104,9,8
105,105,3,8
106,106,9,1
107,107,0,8
108,108,1,6
109,109,8,9
110,110,0,4
111,111,9,10
112,112,6,4
113,113,8,2
114,114,4,8
115,115,2,9
116,116,1,8
117,117,3,7
118,118,4,8
119,119,6,3
120,120,1,9
121,121,5,8
122,122,0,4
123,123,0,2
124,124,4,8
125,125,8,7
126,126,6,4
127,127,6,9
128,128,1,7
129,129,5,6
130,130,6,6
131,131,0,4
132,132,1,7
133,133,6,9
134,134,8,5
135,135,8,7
136,136,3,8
137,137,5,3
138,138,4,3
139,139,2,7
140,140,4,2
141,141,7,5
142,142,6,2
143,143,0,3
144,144,7,1
145,145,2,7
146,146,7,1
147,147,4,1
148,148,8,10
149,149,2,2
150,150,0,3
151,151,5,1
152,152,1,1
153,153,8,8
154,154,2,1
155,155,1,10
156,156,0,4
157,157,8,5
158,158,4,4
159,159,2,4
160,160,3,4
161,161,1,4
162,162,2,10
163,163,4,9
164,164,0,4
165,165,7,7
166,166,3,4
167,167,9,5
168,168,9,4
169,169,1,7
170,170,9,8
171,171,3,8
172,172,7,7
173,173,2,1
174,174,6,8
175,175,5,2
176,176,8,9
177,177,1,6
178,178,7,10
179,179,4,7
180,180,9,2
181,181,3,3
182,182,7,8
183,183,4,8
184,184,9,3
185,185,0,2
186,186,3,2
187,187,6,5
188,188,5,7
189,189,3,7
190,190,3,2
191,191,8,7
192,192,6,7
193,193,2,9
194,194,0,10
195,195,8,4
196,196,4,1
197,197,3,4
198,198,7,8
199,199,0,4
200,200,3,1
201,201,6,9
202,202,7,6
203,203,8,3
204,204,0,1
205,205,1,10
206,206,6,2
207,207,7,9
208,208,9,6
209,209,6,2
210,210,9,6
211,211,2,2
212,212,1,4
213,213,4,4
214,214,2,10
215,215,2,7
216,216,3,8
217,217,9,9
218,218,0,8
219,219,0,6
220,220,0,7
221,221,0,8
222,222,3,5
223,223,4,3
224,224,4,7
225,225,3,4
226,226,0,9
227,227,3,7
228,228,2,3
229,229,7,9
230,230,9,4
231,231,3,2
232,232,3,7
233,233,3,3
234,234,1,10
235,235,9,4
236,236,1,4
237,237,1,7
238,238,1,1
239,239,5,7
240,240,4,10
241,241,8,8
242,242,3,2
243,243,9,4
244,244,9,4
245,245,9,2
246,246,0,5
247,247,9,1
248,248,7,9
249,249,9,4
250,250,1,8
251,251,9,6
252,252,7,6
253,253,7,2
254,254,9,7
255,255,0,4
256,256,7,9
257,257,6,4
258,258,7,10
259,259,4,5
260,260,2,5
261,261,9,6
262,262,7,2
263,263,5,7
264,264,2,1
265,265,6,7
266,266,5,7
267,267,4,7
268,268,3,8
269,269,3,1
270,270,2,5
271,271,2,9
272,272,3,2
273,273,1,6
274,274,1,9
275,275,3,9
276,276,1,5
277,277,0,5
278,278,4,2
279,279,7,9
280,280,7,7
281,281,2,2
282,282,7,9
283,283,3,7
284,284,7,1
285,285,0,6
286,286,0,4
287,287,5,7
288,288,6,7
289,289,2,10
290,290,3,6
291,291,5,9
292,292,1,6
293,293,9,8
294,294,8,2
295,295,2,1
296,296,6,7
297,297,4,7
298,298,2,9
299,299,0,10
300,300,2,6
301,301,9,10
302,302,2,2
303,303,4,9
304,304,0,2
305,305,5,3
306,306,9,6
307,307,8,7
308,308,0,5
309,309,1,2
310,310,2,8
311,311,4,3
312,312,8,3
313,313,9,6
314,314,6,4
315,315,7,10
316,316,1,1
317,317,7,2
318,318,7,4
319,319,8,4
320,320,9,2
321,321,7,7
322,322,9,6
323,323,8,4
324,324,3,1
325,325,8,4
326,326,7,6
327,327,3,8
328,328,3,6
329,329,4,6
330,330,6,5
331,331,8,8
332,332,5,5
333,333,6,9
334,334,0,9
335,335,5,9
336,336,1,3
337,337,0,5
338,338,4,7
339,339,9,8
340,340,4,9
341,341,5,8
342,342,7,4
343,343,9,6
344,344,8,7
345,345,7,3
346,346,1,7
347,347,6,5
348,348,3,5
349,349,9,6
350,350,8,4
351,351,4,6
352,352,6,2
353,353,5,6
354,354,9,3
355,355,8,7
356,356,7,9
357,357,4,8
358,358,3,8
359,359,2,1
360,360,0,6
361,361,9,10
362,362,9,1
363,363,5,6
364,364,2,4
365,365,0,5
366,366,2,10
367,367,6,7
368,368,3,8
369,369,1,10
370,370,5,4
371,371,7,2
372,372,0,8
373,373,6,8
374,374,8,6
375,375,5,3
376,376,2,2
377,377,8,7
378,378,0,8
379,379,7,10
380,380,5,1
381,381,6,3
382,382,1,2
383,383,6,10
384,384,5,3
385,385,1,5
386,386,2,2
387,387,3,6
388,388,1,8
389,389,1,4
390,390,0,1
391,391,7,7
392,392,3,8
393,393,4,5
394,394,1,10
395,395,0,6
396,396,2,8
397,397,1,2
398,398,8,6
399,399,1,3
400,400,2,8
401,401,4,3
402,402,9,1
403,403,9,9
404,404,5,2
405,405,4,5
406,406,0,3
407,407,0,2
408,408,0,3
409,409,5,1
410,410,0,9
411,411,4,4
412,412,9,4
413,413,4,1
414,414,2,6
415,415,0,6
416,416,0,5
417,417,2,10
418,418,0,1
419,419,4,2
420,420,3,3
421,421,6,5
422,422,4,7
423,423,2,7
424,424,3,1
425,425,4,9
426,426,5,2
427,427,1,2
428,428,3,1
429,429,1,10
430,430,5,7
431,431,1,2
432,432,2,8
433,433,4,4
434,434,1,9
435,435,7,6
436,436,6,10
437,437,2,6
438,438,5,1
439,439,1,1
440,440,7,6
441,441,6,8
442,442,2,9
443,443,8,5
444,444,4,10
445,445,6,2
446,446,0,4
447,447,4,9
448,448,1,4
449,449,1,3
450,450,3,6
451,451,7,8
452,452,4,6
453,453,4,8
454,454,8,5
455,455,0,7
456,456,2,5
457,457,2,8
458,458,0,8
459,459,7,1
460,460,5,4
461,461,4,10
462,462,9,1
463,463,7,6
464,464,0,5
465,465,3,1
466,466,9,4
467,467,1,6
468,468,8,5
469,469,4,6
470,470,3,9
471,471,5,9
472,472,6,10
473,473,6,9
474,474,9,6
475,475,7,3
476,476,5,1
477,477,7,1
478,478,8,1
479,479,4,4
480,480,6,9
481,481,5,2
482,482,3,8
483,483,9,4
484,484,5,9
485,485,1,7
486,486,0,7
487,487,6,6
488,488,8,7
489,489,3,7
490,490,7,6
491,491,5,2
492,492,5,3
493,493,6,7
494,494,9,6
495,495,8,3
496,496,0,3
497,497,7,8
498,498,6,5
499,499,0,8
500,500,0,4
501,501,1,2
502,502,8,4
503,503,0,3
504,504,9,7
505,505,9,1
506,506,4,7
507,507,3,8
508,508,2,2
509,509,8,6
510,510,8,6
511,511,8,3
512,512,6,7
513,513,4,1
514,514,6,10
515,515,1,2
516,516,8,3
517,517,2,8
518,518,1,10
519,519,2,5
520,520,6,10
521,521,0,5
522,522,3,4
523,523,9,4
524,524,8,1
525,525,0,9
526,526,4,4
527,527,7,3
528,528,0,4
529,529,5,8
530,530,5,10
531,531,7,5
532,532,3,6
533,533,8,8
534,534,5,4
535,535,0,2
536,536,4,10
537,537,3,5
538,538,2,9
539,539,4,10
540,540,9,5
541,541,6,10
542,542,4,10
543,543,7,7
544,544,4,1
545,545,6,4
546,546,2,5
547,547,6,6
548,548,7,1
549,549,5,4
550,550,0,4
551,551,6,8
552,552,0,10
553,553,5,6
554,554,7,9
555,555,8,1
556,556,3,1
557,557,0,4
558,558,9,3
559,559,9,1
560,560,4,3
561,561,9,4
562,562,9,2
563,563,3,3
564,564,6,10
565,565,8,3
566,566,6,5
567,567,0,8
568,568,2,8
569,569,0,7
570,570,9,4
571,571,9,6
572,572,0,7
573,573,8,4
574,574,5,3
575,575,0,4
576,576,2,7
577,577,1,6
578,578,1,4
579,579,4,2
580,580,3,2
581,581,1,4
582,582,1,7
583,583,9,8
584,584,4,6
585,585,2,6
586,586,0,3
587,587,7,5
588,588,0,8
589,589,6,3
590,590,0,9
591,591,7,1
592,592,9,6
593,593,8,2
594,594,7,10
595,595,4,8
596,596,2,1
597,597,3,5
598,598,8,9
599,599,6,7
600,600,8,4
601,601,2,10
602,602,1,8
603,603,8,10
604,604,6,8
605,605,5,7
606,606,9,2
607,607,5,3
608,608,1,7
609,609,8,3
610,610,2,9
611,611,1,5
612,612,8,5
613,613,8,5
614,614,9,2
615,615,7,6
616,616,5,7
617,617,0,6
618,618,1,8
619,619,5,4
620,620,2,4
621,621,0,4
622,622,6,7
623,623,4,2
624,624,7,8
625,625,3,5
626,626,1,10
627,627,3,5
628,628,6,4
629,629,1,8
630,630,3,8
631,631,4,7
632,632,3,6
633,633,0,3
634,634,6,8
635,635,7,6
636,636,9,6
637,637,5,1
638,638,3,3
639,639,2,9
640,640,3,6
641,641,2,8
642,642,1,1
643,643,8,5
644,644,5,2
645,645,4,4
646,646,7,8
647,647,3,10
648,648,0,5
649,649,2,10
650,650,3,8
651,651,5,7
652,652,4,9
653,653,3,2
654,654,3,2
655,655,0,3
656,656,7,5
657,657,0,7
658,658,3,8
659,659,1,9
660,660,0,3
661,661,8,10
662,662,1,7
663,663,8,5
664,664,2,10
665,665,9,4
666,666,6,10
667,667,1,6
668,668,5,4
669,669,4,10
670,670,1,3
671,671,9,5
672,672,3,1
673,673,1,10
674,674,1,10
675,675,4,4
676,676,6,2
677,677,4,10
678,678,6,10
679,679,5,10
680,680,6,4
681,681,2,4
682,682,0,3
683,683,4,1
684,684,1,8
685,685,6,7
686,686,5,1
687,687,0,1
688,688,2,4
689,689,1,5
690,690,3,8
691,691,9,3
692,692,3,3
693,693,3,1
694,694,0,2
695,695,6,9
696,696,5,10
697,697,9,2
698,698,6,7
699,699,4,6
700,700,6,3
701,701,2,9
702,702,6,3
703,703,0,7
704,704,8,6
705,705,0,6
706,706,3,5
707,707,8,10
708,708,8,1
709,709,1,4
710,710,7,4
711,711,5,2
712,712,0,1
713,713,9,8
714,714,4,10
715,715,6,8
716,716,7,1
717,717,5,2
718,718,5,4
719,719,9,3
720,720,0,8
721,721,2,6
722,722,3,3
723,723,0,3
724,724,9,3
725,725,4,9
726,726,7,10
727,727,4,6
728,728,4,3
729,729,7,10
730,730,9,3
731,731,5,1
732,732,7,3
733,733,9,5
734,734,7,4
735,735,7,5
736,736,7,5
737,737,6,2
738,738,6,5
739,739,5,10
740,740,3,9
741,741,0,5
742,742,8,1
743,743,1,5
744,744,8,6
745,745,3,2
746,746,3,10
747,747,5,7
748,748,3,7
749,749,7,8
750,750,2,6
751,751,8,10
752,752,0,8
753,753,5,9
754,754,3,5
755,755,3,2
756,756,9,5
757,757,1,2
758,758,0,3
759,759,3,2
760,760,6,4
761,761,0,1
762,762,4,8
763,763,8,9
764,764,2,6
765,765,1,1
766,766,1,2
767,767,2,6
768,768,9,7
769,769,5,10
770,770,0,6
771,771,1,4
772,772,0,6
773,773,1,4
774,774,9,1
775,775,0,2
776,776,4,2
777,777,5,3
778,778,7,7
779,779,1,8
780,780,8,1
781,781,3,6
782,782,0,7
783,783,9,6
784,784,4,6
785,785,2,3
786,786,1,5
787,787,2,8
788,788,3,2
789,789,2,9
790,790,1,8
791,791,3,9
792,792,1,8
793,793,4,7
794,794,9,9
795,795,7,6
796,796,0,8
797,797,8,10
798,798,7,10
799,799,0,2
800,800,1,1
801,801,5,8
802,802,1,7
803,803,0,4
804,804,9,4
805,805,1,6
806,806,2,5
807,807,4,2
808,808,6,3
809,809,4,5
810,810,6,8
811,811,3,7
812,812,1,3
813,813,5,10
814,814,8,8
815,815,3,9
816,816,0,6
817,817,1,5
818,818,2,2
819,819,5,7
820,820,6,3
821,821,2,5
822,822,1,4
823,823,0,9
824,824,8,9
825,825,4,7
826,826,2,7
827,827,7,4
828,828,6,6
829,829,8,1
830,830,1,1
831,831,8,7
832,832,4,10
833,833,2,2
834,834,3,10
835,835,1,10
836,836,2,2
837,837,9,3
838,838,7,4
839,839,4,6
840,840,0,9
841,841,8,7
842,842,8,4
843,843,1,5
844,844,6,6
845,845,1,1
846,846,4,2
847,847,2,9
848,848,6,10
849,849,0,7
850,850,2,2
851,851,1,10
852,852,0,2
853,853,1,5
854,854,4,6
855,855,6,5
856,856,5,2
857,857,0,7
858,858,4,8
859,859,0,4
860,860,8,3
861,861,0,4
862,862,5,8
863,863,7,2
864,864,7,4
865,865,9,5
866,866,7,9
867,867,4,8
868,868,8,8
869,869,0,7
870,870,5,5
871,871,0,10
872,872,3,3
873,873,0,2
874,874,1,4
875,875,2,1
876,876,6,8
877,877,3,4
878,878,4,7
879,879,4,3
880,880,5,1
881,881,8,10
882,882,1,6
883,883,3,2
884,884,4,1
885,885,2,5
886,886,1,1
887,887,7,9
888,888,9,9
889,889,7,10
890,890,1,10
891,891,5,2
892,892,2,1
893,893,5,6
894,894,7,9
895,895,9,3
896,896,0,6
897,897,6,5
898,898,0,9
899,899,5,5
900,900,3,7
901,901,2,6
902,902,3,1
903,903,2,10
904,904,7,4
905,905,7,4
906,906,2,9
907,907,6,1
908,908,5,9
909,909,6,7
910,910,7,1
911,911,3,1
912,912,4,2
913,913,2,7
914,914,5,7
915,915,6,2
916,916,9,9
917,917,9,1
918,918,5,9
919,919,0,5
920,920,3,7
921,921,1,2
922,922,1,4
923,923,3,7
924,924,6,6
925,925,7,8
926,926,7,2
927,927,8,7
928,928,3,3
929,929,2,6
930,930,4,4
931,931,6,7
932,932,9,2
933,933,4,4
934,934,4,9
935,935,5,2
936,936,3,7
937,937,6,5
938,938,7,10
939,939,1,3
940,940,8,1
941,941,3,6
942,942,3,4
943,943,0,10
944,944,4,6
945,945,6,6
946,946,6,6
947,947,9,9
948,948,0,1
949,949,3,6
950,950,3,8
951,951,9,8
952,952,0,3
953,953,4,6
954,954,8,2
955,955,4,2
956,956,9,3
957,957,1,5
958,958,9,8
959,959,4,1
960,960,3,6
961,961,6,5
962,962,0,10
963,963,4,10
964,964,4,6
965,965,6,10
966,966,6,9
967,967,9,2
968,968,9,7
969,969,2,1
970,970,0,1
971,971,0,6
972,972,5,10
973,973,8,5
974,974,5,2
975,975,2,1
976,976,6,6
977,977,3,9
978,978,0,9
979,979,3,3
980,980,4,8
981,981,3,7
982,982,8,1
983,983,6,8
984,984,5,5
985,985,2,10
986,986,5,5
987,987,3,4
988,988,9,7
989,989,5,4
990,990,5,10
991,991,2,10
992,992,2,5
993,993,5,2
994,994,9,7
995,995,5,8
996,996,3,10
997,997,4,10
998,998,4,7
999,999,8,6
1000,1000,3,5
1001,1001,5,2
1002,1002,3,5
1003,1003,3,5
1004,1004,4,5
1005,1005,5,6
1006,1006,7,4
1007,1007,1,3
1008,1008,7,2
1009,1009,1,8
1010,1010,2,10
1011,1011,9,2
1012,1012,5,9
1013,1013,5,7
1014,1014,9,6
1015,1015,5,9
1016,1016,7,1
1017,1017,9,4
1018,1018,5,5
1019,1019,7,9
1020,1020,6,6
1021,1021,5,1
1022,1022,6,9
1023,1023,5,9
1024,1024,4,5
1025,1025,7,7
1026,1026,5,4
1027,1027,8,1
1028,1028,6,6
1029,1029,2,10
1030,1030,9,1
1031,1031,9,2
1032,1032,5,8
1033,1033,0,1
1034,1034,6,4
1035,1035,6,5
1036,1036,9,2
1037,1037,8,1
1038,1038,9,6
1039,1039,5,9
1040,1040,9,1
1041,1041,7,1
1042,1042,8,4
1043,1043,1,2
1044,1044,0,2
1045,1045,3,6
1046,1046,9,8
1047,1047,6,5
1048,1048,8,1
1049,1049,5,3
1050,1050,9,6
1051,1051,9,9
1052,1052,1,10
1053,1053,1,6
1054,1054,4,3
1055,1055,5,8
1056,1056,3,7
1057,1057,5,10
1058,1058,8,3
1059,1059,2,3
1060,1060,4,4
1061,1061,9,9
1062,1062,6,4
1063,1063,9,2
1064,1064,7,2
1065,1065,8,8
1066,1066,3,7
1067,1067,6,3
1068,1068,4,3
1069,1069,3,9
1070,1070,5,9
1071,1071,8,1
1072,1072,7,3
1073,1073,7,4
1074,1074,7,4
1075,1075,9,10
1076,1076,8,4
1077,1077,4,3
1078,1078,5,2
1079,1079,8,8
1080,1080,4,4
1081,1081,5,9
1082,1082,6,6
1083,1083,3,8
1084,1084,6,8
1085,1085,4,7
1086,1086,1,6
1087,1087,6,5
1088,1088,6,2
1089,1089,5,5
1090,1090,1,3
1091,1091,4,8
1092,1092,8,10
1093,1093,5,9
1094,1094,1,9
1095,1095,4,7
1096,1096,6,8
1097,1097,7,1
1098,1098,5,1
1099,1099,8,9
1100,1100,2,6
1101,1101,4,7
1102,1102,2,10
1103,1103,9,6
1104,1104,1,7
1105,1105,6,9
1106,1106,0,7
1107,1107,4,6
1108,1108,2,5
1109,1109,3,3
1110,1110,6,1
1111,1111,0,6
1112,1112,5,8
1113,1113,0,9
1114,1114,0,9
1115,1115,5,4
1116,1116,4,9
1117,1117,3,7
1118,1118,7,4
1119,1119,2,2
1120,1120,7,2
1121,1121,5,8
1122,1122,3,4
1123,1123,7,5
1124,1124,3,6
1125,1125,1,5
1126,1126,0,1
1127,1127,1,9
1128,1128,4,1
1129,1129,2,1
1130,1130,0,10
1131,1131,4,6
1132,1132,9,5
1133,1133,7,8
1134,1134,3,6
1135,1135,8,9
1136,1136,0,5
1137,1137,0,1
1138,1138,2,4
1139,1139,7,3
1140,1140,6,2
1141,1141,7,1
1142,1142,0,2
1143,1143,8,9
1144,1144,4,10
1145,1145,4,4
1146,1146,2,5
1147,1147,0,4
1148,1148,0,8
1149,1149,8,8
1150,1150,7,9
1151,1151,7,4
1152,1152,3,4
1153,1153,8,10
1154,1154,0,5
1155,1155,2,4
1156,1156,5,10
1157,1157,6,1
1158,1158,3,1
1159,1159,8,10
1160,1160,6,8
1161,1161,4,7
1162,1162,2,6
1163,1163,2,7
1164,1164,7,3
1165,1165,5,9
1166,1166,3,4
1167,1167,6,2
1168,1168,5,9
1169,1169,0,6
1170,1170,6,10
1171,1171,0,7
1172,1172,5,3
1173,1173,9,8
1174,1174,4,4
1175,1175,3,2
1176,1176,8,3
1177,1177,9,5
1178,1178,3,5
1179,1179,5,10
1180,1180,6,2
1181,1181,2,2
1182,1182,6,10
1183,1183,3,1
1184,1184,4,10
1185,1185,2,3
1186,1186,7,6
1187,1187,1,9
1188,1188,6,3
1189,1189,7,9
1190,1190,5,10
1191,1191,3,5
1192,1192,2,10
1193,1193,3,5
1194,1194,2,2
1195,1195,6,8
1196,1196,4,3
1197,1197,4,3
1198,1198,7,10
1199,1199,2,2
1200,1200,3,10
1201,1201,7,7
1202,1202,5,1
1203,1203,4,8
1204,1204,6,1
1205,1205,8,6
1206,1206,5,3
1207,1207,5,3
1208,1208,7,3
1209,1209,2,3
1210,1210,2,7
1211,1211,7,2
1212,1212,1,6
1213,1213,7,7
1214,1214,7,3
1215,1215,7,4
1216,1216,3,4
1217,1217,7,6
1218,1218,6,4
1219,1219,3,9
1220,1220,4,9
1221,1221,8,8
1222,1222,7,1
1223,1223,6,7
1224,1224,8,1
1225,1225,8,3
1226,1226,0,8
1227,1227,6,9
1228,1228,8,3
1229,1229,5,3
1230,1230,9,1
1231,1231,5,5
1232,1232,2,1
1233,1233,2,4
1234,1234,9,8
1235,1235,2,1
1236,1236,4,10
1237,1237,6,1
1238,1238,3,10
1239,1239,7,10
1240,1240,2,9
1241,1241,4,2
1242,1242,1,10
1243,1243,7,8
1244,1244,4,4
1245,1245,7,2
1246,1246,3,8
1247,1247,8,5
1248,1248,8,2
1249,1249,2,9
1250,1250,5,3
1251,1251,2,4
1252,1252,8,4
1253,1253,9,1
1254,1254,0,10
1255,1255,8,4
1256,1256,0,5
1257,1257,6,4
1258,1258,7,4
1259,1259,9,4
1260,1260,0,5
1261,1261,9,5
1262,1262,3,1
1263,1263,0,5
1264,1264,0,6
1265,1265,5,2
1266,1266,2,8
1267,1267,5,5
1268,1268,0,8
1269,1269,3,4
1270,1270,3,7
1271,1271,8,4
1272,1272,2,9
1273,1273,3,4
1274,1274,3,1
1275,1275,7,7
1276,1276,6,9
1277,1277,2,2
1278,1278,9,7
1279,1279,8,5
1280,1280,4,1
1281,1281,1,9
1282,1282,1,4
1283,1283,4,5
1284,1284,2,7
1285,1285,4,3
1286,1286,6,3
1287,1287,4,7
1288,1288,0,8
1289,1289,5,2
1290,1290,7,10
1291,1291,7,3
1292,1292,2,6
1293,1293,4,4
1294,1294,4,3
1295,1295,5,6
1296,1296,0,6
1297,1297,8,4
1298,1298,1,6
1299,1299,5,5
1300,1300,1,7
1301,1301,2,9
1302,1302,4,8
1303,1303,9,1
1304,1304,8,9
1305,1305,0,9
1306,1306,7,7
1307,1307,7,10
1308,1308,0,2
1309,1309,0,5
1310,1310,4,6
1311,1311,0,7
1312,1312,9,5
1313,1313,1,5
1314,1314,4,9
1315,1315,9,1
1316,1316,1,6
1317,1317,1,1
1318,1318,1,8
1319,1319,3,8
1320,1320,0,9
1321,1321,6,1
1322,1322,3,3
1323,1323,7,1
1324,1324,2,2
1325,1325,2,10
1326,1326,6,2
1327,1327,2,7
1328,1328,3,8
1329,1329,0,3
1330,1330,1,3
1331,1331,1,2
1332,1332,1,1
1333,1333,3,10
1334,1334,5,6
1335,1335,6,1
1336,1336,2,2
1337,1337,3,10
1338,1338,9,9
1339,1339,4,5
1340,1340,8,6
1341,1341,8,4
1342,1342,1,9
1343,1343,4,4
1344,1344,0,2
1345,1345,5,2
1346,1346,5,5
1347,1347,8,8
1348,1348,7,3
1349,1349,2,9
1350,1350,0,4
1351,1351,2,9
1352,1352,3,2
1353,1353,0,6
1354,1354,7,6
1355,1355,4,9
1356,1356,3,10
1357,1357,2,4
1358,1358,0,2
1359,1359,6,10
1360,1360,1,7
1361,1361,3,4
1362,1362,5,4
1363,1363,7,7
1364,1364,3,2
1365,1365,8,6
1366,1366,3,8
1367,1367,5,2
1368,1368,7,1
1369,1369,4,1
1370,1370,6,3
1371,1371,5,3
1372,1372,6,2
1373,1373,1,3
1374,1374,9,10
1375,1375,3,5
1376,1376,0,6
1377,1377,3,5
1378,1378,9,10
1379,1379,8,6
1380,1380,9,7
1381,1381,6,2
1382,1382,4,4
1383,1383,5,3
1384,1384,7,2
1385,1385,0,2
1386,1386,9,4
1387,1387,8,3
1388,1388,2,9
1389,1389,6,4
1390,1390,5,6
1391,1391,5,3
1392,1392,9,5
1393,1393,7,3
1394,1394,2,3
1395,1395,0,7
1396,1396,1,8
1397,1397,7,6
1398,1398,6,2
1399,1399,8,8
1400,1400,8,10
1401,1401,2,5
1402,1402,5,7
1403,1403,8,3
1404,1404,2,5
1405,1405,7,3
1406,1406,4,6
1407,1407,8,10
1408,1408,9,8
1409,1409,2,1
1410,1410,5,10
1411,1411,3,4
1412,1412,7,10
1413,1413,8,10
1414,1414,4,8
1415,1415,4,5
1416,1416,8,10
1417,1417,9,3
1418,1418,6,2
1419,1419,7,5
1420,1420,1,10
1421,1421,4,1
1422,1422,8,6
1423,1423,0,1
1424,1424,4,1
1425,1425,0,1
1426,1426,3,2
1427,1427,4,9
1428,1428,3,2
1429,1429,0,5
1430,1430,6,4
1431,1431,8,2
1432,1432,0,4
1433,1433,4,8
1434,1434,2,8
1435,1435,9,3
1436,1436,7,9
1437,1437,3,9
1438,1438,2,5
1439,1439,3,1
1440,1440,8,10
1441,1441,5,3
1442,1442,5,2
1443,1443,8,1
1444,1444,8,1
1445,1445,1,4
1446,1446,1,3
1447,1447,0,3
1448,1448,0,10
1449,1449,6,8
1450,1450,4,6
1451,1451,1,1
1452,1452,5,8
1453,1453,8,7
1454,1454,7,3
1455,1455,1,1
1456,1456,2,7
1457,1457,5,8
1458,1458,8,2
1459,1459,0,2
1460,1460,4,4
1461,1461,9,7
1462,1462,0,6
1463,1463,8,10
1464,1464,0,9
1465,1465,3,10
1466,1466,0,4
1467,1467,7,1
1468,1468,5,3
1469,1469,8,1
1470,1470,3,3
1471,1471,0,4
1472,1472,3,7
1473,1473,9,10
1474,1474,5,3
1475,1475,2,2
1476,1476,5,9
1477,1477,1,2
1478,1478,5,8
1479,1479,1,2
1480,1480,7,8
1481,1481,1,2
1482,1482,9,9
1483,1483,7,8
1484,1484,9,10
1485,1485,7,10
1486,1486,9,9
1487,1487,6,7
1488,1488,3,10
1489,1489,8,6
1490,1490,6,9
1491,1491,7,5
1492,1492,8,9
1493,1493,6,4
1494,1494,9,6
1495,1495,5,6
1496,1496,2,3
1497,1497,9,1
1498,1498,9,4
1499,1499,0,4
1500,1500,4,2
1501,1501,6,2
1502,1502,7,3
1503,1503,5,5
1504,1504,2,5
1505,1505,4,6
1506,1506,4,6
1507,1507,3,3
1508,1508,6,2
1509,1509,3,5
1510,1510,6,4
1511,1511,7,9
1512,1512,5,3
1513,1513,5,10
1514,1514,8,3
1515,1515,1,2
1516,1516,0,10
1517,1517,3,3
1518,1518,6,2
1519,1519,7,2
1520,1520,4,1
1521,1521,9,1
1522,1522,3,7
1523,1523,9,10
1524,1524,5,1
1525,1525,4,3
1526,1526,8,2
1527,1527,8,2
1528,1528,9,9
1529,1529,2,10
1530,1530,4,9
1531,1531,2,4
1532,1532,0,3
1533,1533,9,7
1534,1534,8,1
1535,1535,5,2
1536,1536,3,9
1537,1537,7,5
1538,1538,1,9
1539,1539,0,9
1540,1540,1,10
1541,1541,9,1
1542,1542,1,6
1543,1543,4,5
1544,1544,2,10
1545,1545,3,6
1546,1546,0,5
1547,1547,9,4
1548,1548,6,3
1549,1549,9,7
1550,1550,8,10
1551,1551,0,5
1552,1552,1,6
1553,1553,6,3
1554,1554,5,4
1555,1555,9,5
1556,1556,7,7
1557,1557,0,5
1558,1558,7,5
1559,1559,8,4
1560,1560,7,6
1561,1561,3,8
1562,1562,9,10
1563,1563,0,7
1564,1564,6,5
1565,1565,3,4
1566,1566,1,2
1567,1567,0,7
1568,1568,5,4
1569,1569,2,7
1570,1570,9,8
1571,1571,0,8
1572,1572,8,10
1573,1573,1,2
1574,1574,1,9
1575,1575,1,5
1576,1576,7,8
1577,1577,9,4
1578,1578,2,2
1579,1579,4,7
1580,1580,1,8
1581,1581,1,6
1582,1582,8,9
1583,1583,8,6
1584,1584,7,9
1585,1585,7,6
1586,1586,2,10
1587,1587,0,2
1588,1588,6,10
1589,1589,1,6
1590,1590,9,10
1591,1591,0,7
1592,1592,2,3
1593,1593,6,4
1594,1594,8,4
1595,1595,1,4
1596,1596,4,4
1597,1597,5,9
1598,1598,3,4
1599,1599,2,3
1600,1600,4,8
1601,1601,2,1
1602,1602,9,7
1603,1603,9,5
1604,1604,8,6
1605,1605,4,9
1606,1606,1,1
1607,1607,4,4
1608,1608,7,7
1609,1609,5,2
1610,1610,7,1
1611,1611,9,6
1612,1612,9,9
1613,1613,4,3
1614,1614,6,5
1615,1615,5,4
1616,1616,5,4
1617,1617,1,9
1618,1618,8,10
1619,1619,5,9
1620,1620,6,5
1621,1621,6,5
1622,1622,1,10
1623,1623,3,7
1624,1624,3,4
1625,1625,3,2
1626,1626,6,1
1627,1627,7,5
1628,1628,2,1
1629,1629,0,1
1630,1630,3,10
1631,1631,3,10
1632,1632,2,1
1633,1633,0,9
1634,1634,8,7
1635,1635,9,10
1636,1636,1,9
1637,1637,1,8
1638,1638,7,4
1639,1639,8,6
1640,1640,3,1
1641,1641,3,4
1642,1642,5,6
1643,1643,3,5
1644,1644,2,4
1645,1645,5,2
1646,1646,8,7
1647,1647,1,9
1648,1648,4,5
1649,1649,8,5
1650,1650,1,7
1651,1651,9,9
1652,1652,8,6
1653,1653,0,8
1654,1654,4,10
1655,1655,8,4
1656,1656,3,8
1657,1657,4,7
1658,1658,1,10
1659,1659,6,9
1660,1660,8,1
1661,1661,1,5
1662,1662,1,9
1663,1663,2,1
1664,1664,3,10
1665,1665,8,4
1666,1666,5,2
1667,1667,8,1
1668,1668,3,10
1669,1669,3,7
1670,1670,0,9
1671,1671,1,1
1672,1672,6,8
1673,1673,1,4
1674,1674,2,5
1675,1675,1,10
1676,1676,4,1
1677,1677,3,4
1678,1678,7,3
1679,1679,3,7
1680,1680,6,10
1681,1681,3,3
1682,1682,7,1
1683,1683,3,6
1684,1684,2,8
1685,1685,7,9
1686,1686,2,9
1687,1687,0,7
1688,1688,6,7
1689,1689,7,9
1690,1690,3,1
1691,1691,8,6
1692,1692,5,3
1693,1693,1,10
1694,1694,6,10
1695,1695,6,8
1696,1696,3,10
1697,1697,3,2
1698,1698,1,7
1699,1699,7,5
1700,1700,3,9
1701,1701,8,2
1702,1702,5,9
1703,1703,7,8
1704,1704,8,8
1705,1705,6,8
1706,1706,3,2
1707,1707,4,3
1708,1708,0,2
1709,1709,5,2
1710,1710,9,9
1711,1711,0,3
1712,1712,0,1
1713,1713,2,9
1714,1714,7,4
1715,1715,0,5
1716,1716,1,6
1717,1717,0,7
1718,1718,4,9
1719,1719,7,6
1720,1720,9,3
1721,1721,9,2
1722,1722,2,10
1723,1723,5,3
1724,1724,0,6
1725,1725,5,2
1726,1726,3,2
1727,1727,5,7
1728,1728,4,7
1729,1729,3,8
1730,1730,6,3
1731,1731,9,2
1732,1732,5,8
1733,1733,1,3
1734,1734,1,9
1735,1735,6,8
1736,1736,3,5
1737,1737,7,6
1738,1738,4,7
1739,1739,6,3
1740,1740,6,9
1741,1741,0,2
1742,1742,7,8
1743,1743,4,3
1744,1744,0,9
1745,1745,3,7
1746,1746,4,3
1747,1747,1,5
1748,1748,0,9
1749,1749,3,2
1750,1750,5,5
1751,1751,5,1
1752,1752,7,8
1753,1753,1,4
1754,1754,0,2
1755,1755,1,3
1756,1756,3,1
1757,1757,8,3
1758,1758,0,2
1759,1759,6,4
1760,1760,7,10
1761,1761,0,7
1762,1762,5,8
1763,1763,6,1
1764,1764,8,3
1765,1765,6,9
1766,1766,5,4
1767,1767,3,2
1768,1768,8,3
1769,1769,8,4
1770,1770,4,3
1771,1771,6,9
1772,1772,2,6
1773,1773,7,2
1774,1774,5,2
1775,1775,9,9
1776,1776,9,3
1777,1777,5,1
1778,1778,8,3
1779,1779,9,7
1780,1780,4,7
1781,1781,2,4
1782,1782,6,6
1783,1783,2,1
1784,1784,2,2
1785,1785,5,7
1786,1786,6,7
1787,1787,8,2
1788,1788,7,1
1789,1789,1,1
1790,1790,3,8
1791,1791,8,8
1792,1792,1,8
1793,1793,8,3
1794,1794,2,7
1795,1795,8,2
1796,1796,7,4
1797,1797,1,9
1798,1798,6,2
1799,1799,9,10
1800,1800,0,6
1801,1801,6,2
1802,1802,6,3
1803,1803,9,8
1804,1804,9,5
1805,1805,6,8
1806,1806,7,9
1807,1807,0,5
1808,1808,4,4
1809,1809,5,6
1810,1810,5,5
1811,1811,8,2
1812,1812,9,3
1813,1813,5,3
1814,1814,9,10
1815,1815,7,3
1816,1816,6,3
1817,1817,5,4
1818,1818,8,3
1819,1819,8,1
1820,1820,6,2
1821,1821,7,1
1822,1822,9,9
1823,1823,8,10
1824,1824,1,2
1825,1825,3,7
1826,1826,0,2
1827,1827,4,4
1828,1828,7,2
1829,1829,7,3
1830,1830,4,2
1831,1831,8,4
1832,1832,1,3
1833,1833,6,1
1834,1834,6,1
1835,1835,1,10
1836,1836,7,6
1837,1837,9,4
1838,1838,5,8
1839,1839,6,7
1840,1840,9,5
1841,1841,4,7
1842,1842,8,4
1843,1843,5,3
1844,1844,2,1
1845,1845,0,1
1846,1846,9,8
1847,1847,7,3
1848,1848,6,8
1849,1849,6,8
1850,1850,3,10
1851,1851,3,7
1852,1852,4,3
1853,1853,2,1
1854,1854,9,5
1855,1855,4,4
1856,1856,2,2
1857,1857,8,5
1858,1858,7,8
1859,1859,5,9
1860,1860,7,10
1861,1861,5,2
1862,1862,1,5
1863,1863,0,1
1864,1864,1,8
1865,1865,3,10
1866,1866,1,4
1867,1867,4,5
1868,1868,1,7
1869,1869,8,3
1870,1870,0,10
1871,1871,7,9
1872,1872,7,9
1873,1873,1,4
1874,1874,8,7
1875,1875,0,9
1876,1876,1,8
1877,1877,6,10
1878,1878,3,4
1879,1879,2,7
1880,1880,6,2
1881,1881,9,5
1882,1882,3,8
1883,1883,5,10
1884,1884,7,3
1885,1885,3,4
1886,1886,4,10
1887,1887,8,3
1888,1888,3,5
1889,1889,6,4
1890,1890,5,10
1891,1891,2,8
1892,1892,9,1
1893,1893,6,5
1894,1894,1,4
1895,1895,6,6
1896,1896,1,2
1897,1897,8,6
1898,1898,5,8
1899,1899,4,10
1900,1900,8,8
1901,1901,9,2
1902,1902,6,10
1903,1903,5,2
1904,1904,9,3
1905,1905,6,10
1906,1906,3,10
1907,1907,2,3
1908,1908,2,5
1909,1909,8,5
1910,1910,6,5
1911,1911,7,8
1912,1912,6,9
1913,1913,7,7
1914,1914,1,10
1915,1915,9,9
1916,1916,3,7
1917,1917,5,6
1918,1918,8,1
1919,1919,7,7
1920,1920,1,7
1921,1921,8,7
1922,1922,3,9
1923,1923,3,6
1924,1924,6,4
1925,1925,2,9
1926,1926,4,9
1927,1927,1,9
1928,1928,8,2
1929,1929,9,6
1930,1930,0,2
1931,1931,1,1
1932,1932,1,9
1933,1933,0,5
1934,1934,2,8
1935,1935,2,7
1936,1936,2,7
1937,1937,7,5
1938,1938,3,10
1939,1939,1,3
1940,1940,4,5
1941,1941,7,4
1942,1942,5,10
1943,1943,5,3
1944,1944,2,1
1945,1945,2,2
1946,1946,3,2
1947,1947,3,9
1948,1948,5,3
1949,1949,2,10
1950,1950,5,7
1951,1951,3,1
1952,1952,8,7
1953,1953,8,6
1954,1954,7,2
1955,1955,9,3
1956,1956,7,6
1957,1957,1,7
1958,1958,1,8
1959,1959,6,6
1960,1960,7,3
1961,1961,9,9
1962,1962,2,8
1963,1963,0,5
1964,1964,9,10
1965,1965,5,5
1966,1966,3,4
1967,1967,1,2
1968,1968,6,1
1969,1969,7,7
1970,1970,0,1
1971,1971,1,1
1972,1972,2,6
1973,1973,0,10
1974,1974,0,1
1975,1975,0,3
1976,1976,3,7
1977,1977,0,10
1978,1978,0,5
1979,1979,9,4
1980,1980,4,5
1981,1981,7,1
1982,1982,4,3
1983,1983,5,6
1984,1984,7,5
1985,1985,8,5
1986,1986,9,1
1987,1987,8,1
1988,1988,1,10
1989,1989,7,7
1990,1990,5,2
1991,1991,0,8
1992,1992,5,2
1993,1993,8,4
1994,1994,8,1
1995,1995,5,9
1996,1996,3,3
1997,1997,6,10
1998,1998,4,2
1999,1999,7,2
2000,2000,3,3
2001,2001,8,9
2002,2002,8,8
2003,2003,6,10
2004,2004,2,5
2005,2005,3,8
2006,2006,1,3
2007,2007,2,5
2008,2008,0,3
2009,2009,9,3
2010,2010,2,4
2011,2011,4,4
2012,2012,0,1
2013,2013,9,7
2014,2014,1,6
2015,2015,5,3
2016,2016,7,10
2017,2017,3,4
2018,2018,6,9
2019,2019,8,5
2020,2020,9,7
2021,2021,8,6
2022,2022,0,2
2023,2023,0,5
2024,2024,9,5
2025,2025,6,9
2026,2026,1,9
2027,2027,8,2
2028,2028,9,9
2029,2029,3,3
2030,2030,8,4
2031,2031,5,10
2032,2032,1,9
2033,2033,4,8
2034,2034,8,6
2035,2035,1,3
2036,2036,8,3
2037,2037,8,4
2038,2038,8,3
2039,2039,1,1
2040,2040,7,5
2041,2041,0,3
2042,2042,5,9
2043,2043,5,3
2044,2044,6,10
2045,2045,1,5
2046,2046,1,6
2047,2047,4,4
2048,2048,8,5
2049,2049,1,3
2050,2050,0,3
2051,2051,6,10
2052,2052,2,6
2053,2053,5,3
2054,2054,5,2
2055,2055,6,1
2056,2056,8,10
2057,2057,2,8
2058,2058,6,5
2059,2059,5,3
2060,2060,7,6
2061,2061,5,9
2062,2062,9,3
2063,2063,2,8
2064,2064,6,1
2065,2065,8,2
2066,2066,7,9
2067,2067,0,6
2068,2068,1,9
2069,2069,2,7
2070,2070,6,8
2071,2071,9,4
2072,2072,0,5
2073,2073,5,2
2074,2074,6,3
2075,2075,2,6
2076,2076,3,9
2077,2077,3,9
2078,2078,2,3
2079,2079,4,9
2080,2080,4,8
2081,2081,0,3
2082,2082,1,6
2083,2083,9,4
2084,2084,8,10
2085,2085,9,1
2086,2086,4,6
2087,2087,0,2
2088,2088,0,6
2089,2089,3,10
2090,2090,7,6
2091,2091,0,8
2092,2092,5,7
2093,2093,7,5
2094,2094,3,4
2095,2095,0,1
2096,2096,3,3
2097,2097,7,3
2098,2098,8,6
2099,2099,2,9
2100,2100,9,2
2101,2101,5,5
2102,2102,5,7
2103,2103,9,3
2104,2104,9,8
2105,2105,0,8
2106,2106,8,2
2107,2107,9,2
2108,2108,6,9
2109,2109,9,10
2110,2110,5,1
2111,2111,1,5
2112,2112,9,3
2113,2113,3,2
2114,2114,0,7
2115,2115,2,7
2116,2116,0,2
2117,2117,8,8
2118,2118,9,9
2119,2119,0,9
2120,2120,1,8
2121,2121,0,5
2122,2122,3,3
2123,2123,4,10
2124,2124,1,6
2125,2125,2,7
2126,2126,5,8
2127,2127,6,4
2128,2128,5,9
2129,2129,4,8
2130,2130,4,2
2131,2131,4,1
2132,2132,4,4
2133,2133,0,4
2134,2134,7,3
2135,2135,9,4
2136,2136,0,2
2137,2137,9,6
2138,2138,6,7
2139,2139,4,3
2140,2140,0,4
2141,2141,6,8
2142,2142,9,9
2143,2143,1,6
2144,2144,6,7
2145,2145,0,8
2146,2146,5,5
2147,2147,8,3
2148,2148,7,2
2149,2149,4,4
2150,2150,7,9
2151,2151,2,9
2152,2152,8,3
2153,2153,9,6
2154,2154,1,4
2155,2155,5,8
2156,2156,8,5
2157,2157,0,1
2158,2158,3,6
2159,2159,5,1
2160,2160,7,1
2161,2161,1,4
2162,2162,8,1
2163,2163,9,5
2164,2164,0,7
2165,2165,2,8
2166,2166,7,7
2167,2167,2,9
2168,2168,1,4
2169,2169,1,6
2170,2170,7,3
2171,2171,8,3
2172,2172,2,9
2173,2173,2,7
2174,2174,0,1
2175,2175,7,10
2176,2176,1,9
2177,2177,5,9
2178,2178,4,10
2179,2179,6,1
2180,2180,6,4
2181,2181,1,6
2182,2182,7,8
2183,2183,6,7
2184,2184,5,9
2185,2185,5,1
2186,2186,3,7
2187,2187,3,3
2188,2188,2,4
2189,2189,1,8
2190,2190,3,3
2191,2191,7,3
2192,2192,7,10
2193,2193,8,4
2194,2194,8,3
2195,2195,5,9
2196,2196,3,8
2197,2197,4,7
2198,2198,4,1
2199,2199,9,7
2200,2200,2,2
2201,2201,2,3
2202,2202,9,5
2203,2203,7,7
2204,2204,5,7
2205,2205,5,6
2206,2206,8,4
2207,2207,8,9
2208,2208,2,5
2209,2209,6,7
2210,2210,3,8
2211,2211,0,4
2212,2212,1,4
2213,2213,4,4
2214,2214,8,6
2215,2215,3,10
2216,2216,7,9
2217,2217,0,5
2218,2218,8,9
2219,2219,7,10
2220,2220,8,4
2221,2221,0,5
2222,2222,8,5
2223,2223,2,3
2224,2224,2,10
2225,2225,9,5
2226,2226,3,8
2227,2227,9,6
2228,2228,3,6
2229,2229,3,1
2230,2230,3,4
2231,2231,9,9
2232,2232,7,7
2233,2233,8,6
2234,2234,2,4
2235,2235,4,8
2236,2236,0,7
2237,2237,7,8
2238,2238,6,4
2239,2239,7,6
2240,2240,4,3
2241,2241,1,10
2242,2242,9,4
2243,2243,4,3
2244,2244,4,1
2245,2245,0,4
2246,2246,7,9
2247,2247,3,8
2248,2248,8,3
2249,2249,8,5
2250,2250,8,1
2251,2251,7,1
2252,2252,4,9
2253,2253,4,9
2254,2254,2,8
2255,2255,7,8
2256,2256,6,2
2257,2257,1,2
2258,2258,3,3
2259,2259,5,9
2260,2260,0,8
2261,2261,4,1
2262,2262,7,6
2263,2263,4,8
2264,2264,2,10
2265,2265,5,1
2266,2266,9,10
2267,2267,4,1
2268,2268,9,6
2269,2269,4,4
2270,2270,2,8
2271,2271,8,1
2272,2272,6,10
2273,2273,5,7
2274,2274,3,10
2275,2275,2,4
2276,2276,2,7
2277,2277,6,5
2278,2278,2,8
2279,2279,8,8
2280,2280,0,10
2281,2281,9,9
2282,2282,4,9
2283,2283,8,3
2284,2284,3,8
2285,2285,5,10
2286,2286,4,4
2287,2287,1,10
2288,2288,5,7
2289,2289,1,5
2290,2290,4,2
2291,2291,3,4
2292,2292,0,7
2293,2293,6,9
2294,2294,7,3
2295,2295,8,7
2296,2296,4,3
2297,2297,5,5
2298,2298,7,2
2299,2299,3,1
2300,2300,2,3
2301,2301,3,6
2302,2302,4,8
2303,2303,0,4
2304,2304,7,3
2305,2305,6,8
2306,2306,1,7
2307,2307,2,4
2308,2308,4,6
2309,2309,1,7
2310,2310,6,10
2311,2311,2,7
2312,2312,6,8
2313,2313,7,7
2314,2314,0,5
2315,2315,5,3
2316,2316,7,10
2317,2317,6,1
2318,2318,0,6
2319,2319,3,7
2320,2320,5,10
2321,2321,0,1
2322,2322,1,5
2323,2323,1,5
2324,2324,0,2
2325,2325,0,4
2326,2326,1,2
2327,2327,6,9
2328,2328,1,6
2329,2329,0,7
2330,2330,1,2
2331,2331,3,1
2332,2332,4,2
2333,2333,0,3
2334,2334,0,2
2335,2335,4,3
2336,2336,7,4
2337,2337,8,1
2338,2338,2,2
2339,2339,2,10
2340,2340,4,7
2341,2341,3,1
2342,2342,7,7
2343,2343,2,4
2344,2344,3,6
2345,2345,2,4
2346,2346,7,6
2347,2347,7,3
2348,2348,8,7
2349,2349,6,2
2350,2350,4,4
2351,2351,1,2
2352,2352,9,10
2353,2353,6,1
2354,2354,4,5
2355,2355,9,4
2356,2356,5,1
2357,2357,7,6
2358,2358,4,4
2359,2359,4,3
2360,2360,2,4
2361,2361,5,2
2362,2362,6,2
2363,2363,8,2
2364,2364,7,2
2365,2365,4,1
2366,2366,9,7
2367,2367,8,10
2368,2368,5,10
2369,2369,7,7
2370,2370,9,3
2371,2371,9,10
2372,2372,0,8
2373,2373,9,3
2374,2374,6,3
2375,2375,9,4
2376,2376,6,10
2377,2377,8,8
2378,2378,0,9
2379,2379,1,7
2380,2380,0,4
2381,2381,7,10
2382,2382,0,7
2383,2383,5,2
2384,2384,9,2
2385,2385,7,10
2386,2386,6,7
2387,2387,9,10
2388,2388,6,6
2389,2389,2,7
2390,2390,0,7
2391,2391,5,6
2392,2392,3,2
2393,2393,7,6
2394,2394,4,6
2395,2395,7,5
2396,2396,9,4
2397,2397,3,2
2398,2398,8,9
2399,2399,3,3
2400,2400,8,1
2401,2401,8,6
2402,2402,7,9
2403,2403,9,9
2404,2404,4,5
2405,2405,7,6
2406,2406,1,8
2407,2407,2,5
2408,2408,6,4
2409,2409,7,1
2410,2410,5,3
2411,2411,8,3
2412,2412,1,5
2413,2413,9,4
2414,2414,8,4
2415,2415,5,8
2416,2416,0,8
2417,2417,9,6
2418,2418,6,6
2419,2419,5,6
2420,2420,1,10
2421,2421,8,3
2422,2422,1,3
2423,2423,2,8
2424,2424,3,8
2425,2425,4,4
2426,2426,1,8
2427,2427,8,4
2428,2428,2,2
2429,2429,8,4
2430,2430,8,4
2431,2431,8,3
2432,2432,2,9
2433,2433,3,8
2434,2434,6,3
2435,2435,1,5
2436,2436,2,6
2437,2437,8,4
2438,2438,2,3
2439,2439,7,4
2440,2440,4,4
2441,2441,0,7
2442,2442,8,6
2443,2443,3,4
2444,2444,1,4
2445,2445,0,10
2446,2446,2,5
2447,2447,3,8
2448,2448,2,5
2449,2449,8,1
2450,2450,2,1
2451,2451,2,1
2452,2452,4,1
2453,2453,8,1
2454,2454,5,8
2455,2455,5,7
2456,2456,2,9
2457,2457,4,8
2458,2458,5,1
2459,2459,9,10
2460,2460,5,5
2461,2461,0,1
2462,2462,4,4
2463,2463,1,5
2464,2464,2,4
2465,2465,0,2
2466,2466,6,5
2467,2467,1,2
2468,2468,6,1
2469,2469,4,4
2470,2470,3,7
2471,2471,2,6
2472,2472,6,3
2473,2473,8,1
2474,2474,0,5
2475,2475,7,4
2476,2476,5,9
2477,2477,4,4
2478,2478,2,6
2479,2479,9,1
2480,2480,9,4
2481,2481,5,5
2482,2482,6,4
2483,2483,9,9
2484,2484,2,9
2485,2485,1,10
2486,2486,2,10
2487,2487,6,2
2488,2488,9,4
2489,2489,1,2
2490,2490,6,10
2491,2491,6,3
2492,2492,9,8
2493,2493,6,9
2494,2494,7,1
2495,2495,9,9
2496,2496,2,9
2497,2497,8,2
2498,2498,8,8
2499,2499,6,4
2500,2500,0,1
2501,2501,4,7
2502,2502,6,10
2503,2503,4,3
2504,2504,7,6
2505,2505,2,2
2506,2506,7,5
2507,2507,9,6
2508,2508,9,3
2509,2509,3,5
2510,2510,5,9
2511,2511,0,10
2512,2512,7,9
2513,2513,8,9
2514,2514,4,1
2515,2515,7,6
2516,2516,6,6
2517,2517,7,4
2518,2518,4,3
2519,2519,0,1
2520,2520,8,10
2521,2521,6,8
2522,2522,8,7
2523,2523,3,4
2524,2524,6,4
2525,2525,1,1
2526,2526,7,7
2527,2527,4,2
2528,2528,8,4
2529,2529,2,4
2530,2530,7,2
2531,2531,1,9
2532,2532,3,9
2533,2533,3,5
2534,2534,5,2
2535,2535,2,8
2536,2536,5,7
2537,2537,3,6
2538,2538,1,6
2539,2539,7,10
2540,2540,4,9
2541,2541,3,3
2542,2542,4,5
2543,2543,9,7
2544,2544,4,6
2545,2545,6,9
2546,2546,1,3
2547,2547,0,7
2548,2548,4,4
2549,2549,4,1
2550,2550,5,2
2551,2551,8,8
2552,2552,3,7
2553,2553,6,1
2554,2554,6,10
2555,2555,0,10
2556,2556,2,1
2557,2557,7,4
2558,2558,8,8
2559,2559,7,5
2560,2560,7,9
2561,2561,2,7
2562,2562,0,9
2563,2563,5,5
2564,2564,6,7
2565,2565,9,6
2566,2566,0,2
2567,2567,8,4
2568,2568,9,8
2569,2569,2,4
2570,2570,4,3
2571,2571,2,3
2572,2572,7,6
2573,2573,7,4
2574,2574,0,10
2575,2575,8,4
2576,2576,9,4
2577,2577,1,4
2578,2578,9,8
2579,2579,0,4
2580,2580,6,8
2581,2581,6,2
2582,2582,5,3
2583,2583,9,7
2584,2584,2,4
2585,2585,4,9
2586,2586,2,7
2587,2587,9,10
2588,2588,1,6
2589,2589,4,3
2590,2590,9,7
2591,2591,2,4
2592,2592,5,4
2593,2593,1,2
2594,2594,4,10
2595,2595,1,5
2596,2596,2,9
2597,2597,6,6
2598,2598,3,9
2599,2599,6,4
2600,2600,3,6
2601,2601,8,3
2602,2602,2,1
2603,2603,3,8
2604,2604,0,6
2605,2605,0,10
2606,2606,0,4
2607,2607,5,6
2608,2608,1,6
2609,2609,0,5
2610,2610,7,4
2611,2611,3,5
2612,2612,4,6
2613,2613,8,5
2614,2614,7,7
2615,2615,4,5
2616,2616,5,2
2617,2617,9,10
2618,2618,5,4
2619,2619,1,5
2620,2620,2,5
2621,2621,3,4
2622,2622,1,7
2623,2623,1,4
2624,2624,4,3
2625,2625,0,5
2626,2626,7,4
2627,2627,9,3
2628,2628,6,6
2629,2629,5,1
2630,2630,6,4
2631,2631,5,8
2632,2632,0,2
2633,2633,0,5
2634,2634,1,2
2635,2635,3,1
2636,2636,4,10
2637,2637,0,3
2638,2638,1,5
2639,2639,4,7
2640,2640,8,1
2641,2641,9,8
2642,2642,5,7
2643,2643,5,9
2644,2644,0,9
2645,2645,8,9
2646,2646,5,3
2647,2647,0,5
2648,2648,4,3
2649,2649,2,8
2650,2650,2,1
2651,2651,2,1
2652,2652,6,7
2653,2653,6,3
2654,2654,7,8
2655,2655,2,10
2656,2656,3,3
2657,2657,7,5
2658,2658,6,4
2659,2659,4,5
2660,2660,9,8
2661,2661,0,3
2662,2662,2,2
2663,2663,5,2
2664,2664,2,6
2665,2665,8,3
2666,2666,4,2
2667,2667,0,8
2668,2668,6,7
2669,2669,2,10
2670,2670,2,1
2671,2671,4,6
2672,2672,9,2
2673,2673,2,7
2674,2674,9,9
2675,2675,0,1
2676,2676,9,4
2677,2677,4,6
2678,2678,1,9
2679,2679,5,10
2680,2680,4,4
2681,2681,7,10
2682,2682,0,10
2683,2683,1,7
2684,2684,9,8
2685,2685,7,6
2686,2686,5,6
2687,2687,7,3
2688,2688,4,1
2689,2689,1,3
2690,2690,7,5
2691,2691,4,4
2692,2692,5,6
2693,2693,8,4
2694,2694,9,4
2695,2695,9,5
2696,2696,4,9
2697,2697,3,1
2698,2698,9,3
2699,2699,4,6
2700,2700,9,4
2701,2701,5,8
2702,2702,4,9
2703,2703,0,6
2704,2704,9,4
2705,2705,4,5
2706,2706,5,8
2707,2707,4,6
2708,2708,1,8
2709,2709,6,4
2710,2710,8,4
2711,2711,2,7
2712,2712,3,8
2713,2713,5,2
2714,2714,3,5
2715,2715,1,1
2716,2716,8,1
2717,2717,1,7
2718,2718,8,2
2719,2719,5,6
2720,2720,0,3
2721,2721,5,2
2722,2722,5,2
2723,2723,6,1
2724,2724,1,8
2725,2725,3,4
2726,2726,7,4
2727,2727,0,2
2728,2728,7,9
2729,2729,2,3
2730,2730,0,4
2731,2731,3,1
2732,2732,7,10
2733,2733,3,2
2734,2734,6,5
2735,2735,3,3
2736,2736,3,10
2737,2737,7,5
2738,2738,4,5
2739,2739,7,3
2740,2740,3,3
2741,2741,8,2
2742,2742,1,7
2743,2743,8,1
2744,2744,8,2
2745,2745,1,7
2746,2746,7,6
2747,2747,7,7
2748,2748,3,3
2749,2749,5,2
2750,2750,6,6
2751,2751,8,8
2752,2752,2,10
2753,2753,5,9
2754,2754,1,8
2755,2755,3,2
2756,2756,2,7
2757,2757,4,3
2758,2758,4,3
2759,2759,5,7
2760,2760,5,5
2761,2761,6,4
2762,2762,7,8
2763,2763,9,3
2764,2764,9,9
2765,2765,4,7
2766,2766,1,8
2767,2767,6,5
2768,2768,6,8
2769,2769,9,5
2770,2770,5,10
2771,2771,8,10
2772,2772,3,1
2773,2773,6,4
2774,2774,6,4
2775,2775,6,2
2776,2776,0,10
2777,2777,9,10
2778,2778,1,9
2779,2779,7,6
2780,2780,7,4
2781,2781,0,6
2782,2782,5,4
2783,2783,7,9
2784,2784,6,9
2785,2785,9,2
2786,2786,3,4
2787,2787,1,9
2788,2788,6,1
2789,2789,1,3
2790,2790,0,7
2791,2791,8,9
2792,2792,6,2
2793,2793,3,9
2794,2794,4,5
2795,2795,6,8
2796,2796,5,8
2797,2797,8,5
2798,2798,4,2
2799,2799,7,3
2800,2800,3,5
2801,2801,3,10
2802,2802,6,2
2803,2803,6,7
2804,2804,0,8
2805,2805,4,5
2806,2806,5,9
2807,2807,4,9
2808,2808,2,8
2809,2809,7,4
2810,2810,5,1
2811,2811,1,3
2812,2812,9,9
2813,2813,2,9
2814,2814,1,9
2815,2815,4,6
2816,2816,4,8
2817,2817,2,7
2818,2818,0,5
2819,2819,9,3
2820,2820,3,8
2821,2821,8,8
2822,2822,9,2
2823,2823,0,9
2824,2824,3,5
2825,2825,8,9
2826,2826,8,6
2827,2827,5,3
2828,2828,1,7
2829,2829,0,6
2830,2830,1,3
2831,2831,9,1
2832,2832,7,3
2833,2833,7,5
2834,2834,7,7
2835,2835,1,10
2836,2836,6,3
2837,2837,9,4
2838,2838,1,2
2839,2839,0,6
2840,2840,5,8
2841,2841,4,9
2842,2842,4,3
2843,2843,7,7
2844,2844,9,5
2845,2845,9,3
2846,2846,5,4
2847,2847,3,9
2848,2848,1,9
2849,2849,1,8
2850,2850,2,7
2851,2851,5,4
2852,2852,9,3
2853,2853,9,6
2854,2854,7,1
2855,2855,4,1
2856,2856,4,5
2857,2857,5,7
2858,2858,4,2
2859,2859,5,4
2860,2860,2,3
2861,2861,1,4
2862,2862,4,8
2863,2863,1,5
2864,2864,6,6
2865,2865,4,5
2866,2866,7,7
2867,2867,2,2
2868,2868,7,5
2869,2869,0,8
2870,2870,6,9
2871,2871,3,9
2872,2872,1,5
2873,2873,3,7
2874,2874,8,9
2875,2875,8,2
2876,2876,7,3
2877,2877,6,1
2878,2878,3,6
2879,2879,2,3
2880,2880,2,10
2881,2881,2,10
2882,2882,5,5
2883,2883,3,8
2884,2884,2,8
2885,2885,3,8
2886,2886,1,3
2887,2887,9,3
2888,2888,2,6
2889,2889,1,5
2890,2890,4,3
2891,2891,6,4
2892,2892,1,6
2893,2893,4,8
2894,2894,7,6
2895,2895,1,4
2896,2896,7,6
2897,2897,0,3
2898,2898,0,1
2899,2899,6,5
2900,2900,8,2
2901,2901,0,7
2902,2902,5,10
2903,2903,9,4
2904,2904,6,8
2905,2905,3,6
2906,2906,1,7
2907,2907,5,4
2908,2908,0,6
2909,2909,8,5
2910,2910,1,10
2911,2911,2,2
2912,2912,2,6
2913,2913,8,9
2914,2914,3,7
2915,2915,4,9
2916,2916,3,9
2917,2917,1,5
2918,2918,1,7
2919,2919,7,8
2920,2920,6,8
2921,2921,0,2
2922,2922,2,5
2923,2923,0,2
2924,2924,7,9
2925,2925,2,1
2926,2926,7,7
2927,2927,2,5
2928,2928,0,6
2929,2929,5,9
2930,2930,0,9
2931,2931,1,4
2932,2932,2,8
2933,2933,5,10
2934,2934,3,10
2935,2935,2,1
2936,2936,0,4
2937,2937,2,1
2938,2938,0,10
2939,2939,9,1
2940,2940,8,1
2941,2941,8,9
2942,2942,9,2
2943,2943,7,9
2944,2944,9,2
2945,2945,1,1
2946,2946,5,3
2947,2947,5,10
2948,2948,9,2
2949,2949,3,1
2950,2950,3,6
2951,2951,3,10
2952,2952,3,3
2953,2953,6,2
2954,2954,0,4
2955,2955,5,7
2956,2956,9,4
2957,2957,1,2
2958,2958,1,8
2959,2959,8,2
2960,2960,3,4
2961,2961,2,9
2962,2962,7,8
2963,2963,1,9
2964,2964,5,2
2965,2965,9,7
2966,2966,6,9
2967,2967,4,4
2968,2968,7,8
2969,2969,1,9
2970,2970,0,6
2971,2971,4,10
2972,2972,5,8
2973,2973,7,10
2974,2974,0,1
2975,2975,8,1
2976,2976,5,2
2977,2977,9,3
2978,2978,3,3
2979,2979,7,5
2980,2980,5,6
2981,2981,9,5
2982,2982,4,7
2983,2983,6,2
2984,2984,6,7
2985,2985,4,8
2986,2986,1,7
2987,2987,4,1
2988,2988,1,3
2989,2989,7,3
2990,2990,9,1
2991,2991,8,10
2992,2992,0,1
2993,2993,5,2
2994,2994,1,2
2995,2995,1,7
2996,2996,7,4
2997,2997,2,2
2998,2998,6,8
2999,2999,4,1
3000,3000,3,1
3001,3001,8,4
3002,3002,1,10
3003,3003,9,5
3004,3004,0,5
3005,3005,5,8
3006,3006,3,8
3007,3007,2,9
3008,3008,8,5
3009,3009,1,7
3010,3010,0,9
3011,3011,7,8
3012,3012,5,8
3013,3013,8,6
3014,3014,0,6
3015,3015,8,8
3016,3016,8,7
3017,3017,7,9
3018,3018,7,10
3019,3019,7,5
3020,3020,9,1
3021,3021,6,9
3022,3022,8,10
3023,3023,9,7
3024,3024,8,10
3025,3025,2,1
3026,3026,9,4
3027,3027,7,1
3028,3028,0,2
3029,3029,5,4
3030,3030,3,9
3031,3031,2,4
3032,3032,3,7
3033,3033,3,10
3034,3034,9,2
3035,3035,0,10
3036,3036,4,7
3037,3037,6,9
3038,3038,7,9
3039,3039,8,2
3040,3040,2,9
3041,3041,0,8
3042,3042,3,6
3043,3043,2,5
3044,3044,7,1
3045,3045,7,9
3046,3046,5,10
3047,3047,5,3
3048,3048,6,4
3049,3049,7,6
3050,3050,4,10
3051,3051,8,10
3052,3052,6,8
3053,3053,9,5
3054,3054,7,4
3055,3055,6,7
3056,3056,2,2
3057,3057,3,7
3058,3058,8,4
3059,3059,5,10
3060,3060,9,9
3061,3061,1,6
3062,3062,7,7
3063,3063,3,7
3064,3064,3,4
3065,3065,2,1
3066,3066,0,3
3067,3067,7,8
3068,3068,2,3
3069,3069,9,8
3070,3070,9,3
3071,3071,0,3
3072,3072,9,4
3073,3073,1,3
3074,3074,6,10
3075,3075,6,1
3076,3076,7,1
3077,3077,4,5
3078,3078,5,6
3079,3079,8,10
3080,3080,4,5
3081,3081,2,7
3082,3082,6,8
3083,3083,9,8
3084,3084,1,8
3085,3085,4,2
3086,3086,5,3
3087,3087,5,6
3088,3088,4,5
3089,3089,1,7
3090,3090,0,7
3091,3091,2,1
3092,3092,1,10
3093,3093,7,7
3094,3094,3,6
3095,3095,3,5
3096,3096,7,5
3097,3097,8,4
3098,3098,9,4
3099,3099,0,9
3100,3100,0,8
3101,3101,0,9
3102,3102,0,3
3103,3103,5,1
3104,3104,1,2
3105,3105,2,3
3106,3106,1,9
3107,3107,6,9
3108,3108,1,4
3109,3109,1,1
3110,3110,1,4
3111,3111,4,2
3112,3112,6,5
3113,3113,0,3
3114,3114,5,1
3115,3115,1,4
3116,3116,3,8
3117,3117,7,3
3118,3118,0,5
3119,3119,1,6
3120,3120,4,2
3121,3121,6,8
3122,3122,8,6
3123,3123,0,9
3124,3124,5,1
3125,3125,8,3
3126,3126,7,4
3127,3127,6,6
3128,3128,5,3
3129,3129,0,8
3130,3130,6,6
3131,3131,7,4
3132,3132,9,6
3133,3133,2,3
3134,3134,1,2
3135,3135,8,9
3136,3136,0,1
3137,3137,1,2
3138,3138,3,9
3139,3139,6,9
3140,3140,5,1
3141,3141,4,10
3142,3142,4,8
3143,3143,3,5
3144,3144,2,3
3145,3145,8,6
3146,3146,4,5
3147,3147,4,4
3148,3148,7,2
3149,3149,4,1
3150,3150,4,8
3151,3151,7,3
3152,3152,8,1
3153,3153,6,2
3154,3154,4,8
3155,3155,1,3
3156,3156,7,7
3157,3157,4,2
3158,3158,7,7
3159,3159,9,4
3160,3160,2,2
3161,3161,9,4
3162,3162,5,4
3163,3163,0,6
3164,3164,0,8
3165,3165,8,5
3166,3166,8,8
3167,3167,1,3
3168,3168,6,5
3169,3169,5,9
3170,3170,4,8
3171,3171,1,8
3172,3172,7,3
3173,3173,4,2
3174,3174,8,2
3175,3175,3,4
3176,3176,3,1
3177,3177,7,6
3178,3178,2,7
3179,3179,8,9
3180,3180,8,9
3181,3181,9,10
3182,3182,8,7
3183,3183,2,4
3184,3184,0,10
3185,3185,9,5
3186,3186,7,5
3187,3187,0,10
3188,3188,6,10
3189,3189,4,6
3190,3190,2,1
3191,3191,2,9
3192,3192,6,4
3193,3193,6,1
3194,3194,2,6
3195,3195,1,8
3196,3196,8,5
3197,3197,0,9
3198,3198,0,7
3199,3199,2,7
3200,3200,9,5
3201,3201,7,3
3202,3202,7,8
3203,3203,8,6
3204,3204,1,9
3205,3205,9,10
3206,3206,2,7
3207,3207,3,4
3208,3208,3,7
3209,3209,8,4
3210,3210,2,2
3211,3211,1,9
3212,3212,9,2
3213,3213,6,8
3214,3214,5,9
3215,3215,1,9
3216,3216,6,1
3217,3217,0,8
3218,3218,9,2
3219,3219,3,8
3220,3220,0,1
3221,3221,0,4
3222,3222,3,9
3223,3223,7,1
3224,3224,3,4
3225,3225,6,10
3226,3226,6,5
3227,3227,2,1
3228,3228,1,5
3229,3229,8,9
3230,3230,8,8
3231,3231,6,7
3232,3232,7,5
3233,3233,5,5
3234,3234,5,6
3235,3235,4,9
3236,3236,7,1
3237,3237,6,9
3238,3238,6,6
3239,3239,2,1
3240,3240,0,8
3241,3241,1,4
3242,3242,9,4
3243,3243,7,5
3244,3244,0,5
3245,3245,9,5
3246,3246,8,3
3247,3247,7,9
3248,3248,6,2
3249,3249,4,9
3250,3250,3,10
3251,3251,4,9
3252,3252,1,5
3253,3253,4,7
3254,3254,9,4
3255,3255,1,3
3256,3256,9,3
3257,3257,6,10
3258,3258,8,5
3259,3259,9,10
3260,3260,1,5
3261,3261,2,3
3262,3262,6,10
3263,3263,7,8
3264,3264,7,9
3265,3265,4,7
3266,3266,0,4
3267,3267,0,5
3268,3268,3,10
3269,3269,5,6
3270,3270,4,7
3271,3271,0,4
3272,3272,9,2
3273,3273,1,2
3274,3274,4,3
3275,3275,9,2
3276,3276,8,1
3277,3277,6,2
3278,3278,8,1
3279,3279,7,8
3280,3280,6,1
3281,3281,2,5
3282,3282,0,8
3283,3283,5,8
3284,3284,7,4
3285,3285,0,2
3286,3286,3,4
3287,3287,3,4
3288,3288,8,7
3289,3289,5,2
3290,3290,5,7
3291,3291,0,8
3292,3292,2,1
3293,3293,6,3
3294,3294,6,4
3295,3295,1,7
3296,3296,1,9
3297,3297,7,6
3298,3298,3,2
3299,3299,6,7
3300,3300,7,7
3301,3301,2,7
3302,3302,5,5
3303,3303,2,5
3304,3304,2,7
3305,3305,8,10
3306,3306,1,7
3307,3307,0,6
3308,3308,6,8
3309,3309,0,2
3310,3310,5,5
3311,3311,5,2
3312,3312,2,8
3313,3313,8,9
3314,3314,7,3
3315,3315,4,8
3316,3316,6,1
3317,3317,4,5
3318,3318,3,8
3319,3319,6,8
3320,3320,8,3
3321,3321,5,9
3322,3322,3,2
3323,3323,1,4
3324,3324,8,4
3325,3325,7,6
3326,3326,7,1
3327,3327,7,1
3328,3328,9,10
3329,3329,6,2
3330,3330,6,3
3331,3331,8,2
3332,3332,1,8
3333,3333,7,9
3334,3334,7,4
3335,3335,3,2
3336,3336,5,4
3337,3337,5,8
3338,3338,2,8
3339,3339,0,1
3340,3340,4,4
3341,3341,7,4
3342,3342,9,4
3343,3343,9,4
3344,3344,6,8
3345,3345,7,7
3346,3346,0,1
3347,3347,7,5
3348,3348,4,2
3349,3349,5,8
3350,3350,8,7
3351,3351,9,7
3352,3352,7,10
3353,3353,3,2
3354,3354,1,6
3355,3355,6,9
3356,3356,9,10
3357,3357,2,1
3358,3358,5,1
3359,3359,6,1
3360,3360,6,7
3361,3361,9,8
3362,3362,5,4
3363,3363,5,1
3364,3364,5,10
3365,3365,3,6
3366,3366,7,10
3367,3367,6,3
3368,3368,7,4
3369,3369,7,7
3370,3370,0,1
3371,3371,5,7
3372,3372,7,4
3373,3373,9,1
3374,3374,8,9
3375,3375,9,5
3376,3376,3,6
3377,3377,1,10
3378,3378,6,7
3379,3379,0,9
3380,3380,1,4
3381,3381,2,10
3382,3382,8,9
3383,3383,3,4
3384,3384,8,2
3385,3385,6,10
3386,3386,5,6
3387,3387,8,7
3388,3388,5,1
3389,3389,6,8
3390,3390,8,10
3391,3391,0,9
3392,3392,7,1
3393,3393,6,6
3394,3394,7,7
3395,3395,7,6
3396,3396,9,8
3397,3397,8,7
3398,3398,3,9
3399,3399,2,5
3400,3400,7,3
3401,3401,1,8
3402,3402,3,4
3403,3403,9,4
3404,3404,0,7
3405,3405,2,6
3406,3406,0,8
3407,3407,8,6
3408,3408,3,10
3409,3409,9,3
3410,3410,7,7
3411,3411,3,10
3412,3412,9,10
3413,3413,7,3
3414,3414,3,4
3415,3415,2,3
3416,3416,2,7
3417,3417,1,9
3418,3418,7,1
3419,3419,0,9
3420,3420,8,3
3421,3421,7,9
3422,3422,1,7
3423,3423,4,10
3424,3424,0,7
3425,3425,5,5
3426,3426,0,8
3427,3427,2,3
3428,3428,6,10
3429,3429,1,6
3430,3430,6,7
3431,3431,8,9
3432,3432,0,3
3433,3433,4,10
3434,3434,9,10
3435,3435,3,3
3436,3436,8,3
3437,3437,4,10
3438,3438,2,10
3439,3439,7,10
3440,3440,5,1
3441,3441,1,9
3442,3442,9,2
3443,3443,5,4
3444,3444,9,8
3445,3445,9,9
3446,3446,8,8
3447,3447,8,10
3448,3448,2,1
3449,3449,9,4
3450,3450,4,3
3451,3451,9,10
3452,3452,2,8
3453,3453,6,4
3454,3454,7,5
3455,3455,8,7
3456,3456,2,9
3457,3457,6,3
3458,3458,2,5
3459,3459,6,3
3460,3460,2,5
3461,3461,8,10
3462,3462,1,9
3463,3463,8,1
3464,3464,0,2
3465,3465,3,2
3466,3466,4,6
3467,3467,4,4
3468,3468,3,9
3469,3469,3,8
3470,3470,2,2
3471,3471,6,8
3472,3472,4,2
3473,3473,5,7
3474,3474,4,6
3475,3475,6,3
3476,3476,7,6
3477,3477,5,5
3478,3478,2,9
3479,3479,2,5
3480,3480,1,7
3481,3481,6,8
3482,3482,7,5
3483,3483,1,9
3484,3484,7,7
3485,3485,2,10
3486,3486,2,8
3487,3487,6,5
3488,3488,4,3
3489,3489,3,1
3490,3490,4,7
3491,3491,0,5
3492,3492,2,8
3493,3493,8,4
3494,3494,3,7
3495,3495,5,2
3496,3496,9,4
3497,3497,9,5
3498,3498,2,2
3499,3499,4,9
3500,3500,0,10
3501,3501,0,4
3502,3502,7,6
3503,3503,3,2
3504,3504,1,5
3505,3505,6,3
3506,3506,4,4
3507,3507,3,9
3508,3508,2,10
3509,3509,7,9
3510,3510,5,8
3511,3511,0,9
3512,3512,2,8
3513,3513,9,2
3514,3514,3,10
3515,3515,1,1
3516,3516,5,10
3517,3517,6,5
3518,3518,1,5
3519,3519,1,10
3520,3520,5,3
3521,3521,2,3
3522,3522,0,8
3523,3523,0,3
3524,3524,4,5
3525,3525,6,2
3526,3526,4,9
3527,3527,1,6
3528,3528,4,4
3529,3529,5,4
3530,3530,9,5
3531,3531,8,4
3532,3532,5,2
3533,3533,8,5
3534,3534,5,4
3535,3535,3,9
3536,3536,5,10
3537,3537,2,10
3538,3538,7,3
3539,3539,3,7
3540,3540,5,4
3541,3541,0,10
3542,3542,8,4
3543,3543,3,2
3544,3544,2,6
3545,3545,7,5
3546,3546,7,8
3547,3547,2,1
3548,3548,0,1
3549,3549,8,9
3550,3550,2,4
3551,3551,5,1
3552,3552,9,9
3553,3553,0,1
3554,3554,2,3
3555,3555,8,8
3556,3556,5,7
3557,3557,6,6
3558,3558,4,1
3559,3559,8,10
3560,3560,2,10
3561,3561,4,4
3562,3562,7,4
3563,3563,4,9
3564,3564,6,2
3565,3565,1,4
3566,3566,5,10
3567,3567,0,2
3568,3568,1,6
3569,3569,3,8
3570,3570,8,4
3571,3571,9,5
3572,3572,7,9
3573,3573,3,1
3574,3574,2,1
3575,3575,6,1
3576,3576,4,1
3577,3577,4,1
3578,3578,7,7
3579,3579,8,10
3580,3580,4,2
3581,3581,2,7
3582,3582,6,6
3583,3583,8,1
3584,3584,1,8
3585,3585,2,4
3586,3586,6,4
3587,3587,6,5
3588,3588,5,4
3589,3589,5,10
3590,3590,4,2
3591,3591,6,10
3592,3592,8,8
3593,3593,3,10
3594,3594,4,10
3595,3595,5,5
3596,3596,1,5
3597,3597,6,3
3598,3598,4,2
3599,3599,8,9
3600,3600,5,4
3601,3601,6,3
3602,3602,6,1
3603,3603,8,5
3604,3604,0,3
3605,3605,6,5
3606,3606,0,8
3607,3607,8,9
3608,3608,8,6
3609,3609,0,3
3610,3610,6,8
3611,3611,5,5
3612,3612,6,9
3613,3613,5,1
3614,3614,9,6
3615,3615,1,7
3616,3616,6,4
3617,3617,4,9
3618,3618,6,3
3619,3619,5,3
3620,3620,1,5
3621,3621,3,8
3622,3622,7,4
3623,3623,7,5
3624,3624,5,3
3625,3625,7,9
3626,3626,9,9
3627,3627,6,4
3628,3628,8,5
3629,3629,8,2
3630,3630,1,9
3631,3631,1,1
3632,3632,2,5
3633,3633,4,1
3634,3634,3,8
3635,3635,1,3
3636,3636,1,10
3637,3637,5,9
3638,3638,2,6
3639,3639,2,5
3640,3640,6,4
3641,3641,5,10
3642,3642,1,9
3643,3643,1,3
3644,3644,9,4
3645,3645,3,7
3646,3646,7,3
3647,3647,8,9
3648,3648,0,8
3649,3649,2,8
3650,3650,9,8
3651,3651,0,5
3652,3652,2,1
3653,3653,9,4
3654,3654,6,6
3655,3655,3,4
3656,3656,0,9
3657,3657,8,6
3658,3658,2,9
3659,3659,3,7
3660,3660,7,3
3661,3661,4,2
3662,3662,9,5
3663,3663,0,1
3664,3664,2,5
3665,3665,8,6
3666,3666,4,10
3667,3667,1,9
3668,3668,3,1
3669,3669,1,3
3670,3670,7,3
3671,3671,9,10
3672,3672,2,8
3673,3673,2,5
3674,3674,7,10
3675,3675,8,1
3676,3676,0,9
3677,3677,2,8
3678,3678,6,5
3679,3679,2,10
3680,3680,7,2
3681,3681,3,8
3682,3682,4,3
3683,3683,0,9
3684,3684,8,10
3685,3685,0,2
3686,3686,3,9
3687,3687,6,6
3688,3688,3,10
3689,3689,5,2
3690,3690,8,10
3691,3691,5,3
3692,3692,7,3
3693,3693,3,2
3694,3694,7,6
3695,3695,2,1
3696,3696,8,10
3697,3697,7,3
3698,3698,2,4
3699,3699,0,1
3700,3700,3,4
3701,3701,3,1
3702,3702,5,4
3703,3703,6,2
3704,3704,7,8
3705,3705,2,10
3706,3706,8,10
3707,3707,7,5
3708,3708,6,6
3709,3709,6,6
3710,3710,6,8
3711,3711,5,5
3712,3712,1,6
3713,3713,7,9
3714,3714,3,2
3715,3715,6,7
3716,3716,0,8
3717,3717,3,6
3718,3718,1,3
3719,3719,4,3
3720,3720,9,3
3721,3721,6,8
3722,3722,4,4
3723,3723,3,4
3724,3724,2,10
3725,3725,1,10
3726,3726,2,5
3727,3727,1,9
3728,3728,6,1
3729,3729,7,9
3730,3730,7,2
3731,3731,1,5
3732,3732,3,8
3733,3733,2,5
3734,3734,0,9
3735,3735,4,5
3736,3736,4,1
3737,3737,5,9
3738,3738,5,2
3739,3739,4,4
3740,3740,3,7
3741,3741,3,5
3742,3742,7,10
3743,3743,2,6
3744,3744,5,3
3745,3745,2,8
3746,3746,0,1
3747,3747,7,3
3748,3748,7,3
3749,3749,2,9
3750,3750,0,4
3751,3751,6,7
3752,3752,3,8
3753,3753,0,6
3754,3754,0,10
3755,3755,2,6
3756,3756,1,10
3757,3757,2,6
3758,3758,7,6
3759,3759,0,6
3760,3760,1,5
3761,3761,1,6
3762,3762,2,6
3763,3763,6,1
3764,3764,6,4
3765,3765,7,8
3766,3766,7,3
3767,3767,8,6
3768,3768,5,8
3769,3769,8,3
3770,3770,3,10
3771,3771,2,9
3772,3772,1,8
3773,3773,9,2
3774,3774,5,2
3775,3775,4,10
3776,3776,1,2
3777,3777,7,8
3778,3778,5,1
3779,3779,1,7
3780,3780,1,10
3781,3781,2,7
3782,3782,3,4
3783,3783,0,3
3784,3784,9,9
3785,3785,2,6
3786,3786,4,1
3787,3787,9,9
3788,3788,0,9
3789,3789,2,1
3790,3790,0,4
3791,3791,0,3
3792,3792,4,5
3793,3793,1,5
3794,3794,0,1
3795,3795,0,10
3796,3796,7,6
3797,3797,5,9
3798,3798,4,7
3799,3799,5,3
3800,3800,5,2
3801,3801,2,6
3802,3802,9,5
3803,3803,0,5
3804,3804,7,2
3805,3805,2,8
3806,3806,3,4
3807,3807,2,6
3808,3808,3,5
3809,3809,6,6
3810,3810,3,2
3811,3811,2,1
3812,3812,7,7
3813,3813,1,4
3814,3814,0,6
3815,3815,8,9
3816,3816,9,9
3817,3817,4,4
3818,3818,8,7
3819,3819,8,6
3820,3820,8,7
3821,3821,0,10
3822,3822,5,3
3823,3823,3,1
3824,3824,4,5
3825,3825,7,1
3826,3826,8,4
3827,3827,1,9
3828,3828,1,9
3829,3829,6,1
3830,3830,8,1
3831,3831,1,3
3832,3832,5,2
3833,3833,3,9
3834,3834,1,8
3835,3835,4,7
3836,3836,3,8
3837,3837,8,8
3838,3838,6,6
3839,3839,5,1
3840,3840,5,6
3841,3841,0,1
3842,3842,7,1
3843,3843,9,7
3844,3844,9,4
3845,3845,5,2
3846,3846,2,9
3847,3847,2,10
3848,3848,7,8
3849,3849,8,6
3850,3850,3,5
3851,3851,9,2
3852,3852,4,4
3853,3853,1,7
3854,3854,8,7
3855,3855,3,4
3856,3856,5,5
3857,3857,8,1
3858,3858,0,9
3859,3859,7,3
3860,3860,6,9
3861,3861,7,1
3862,3862,4,5
3863,3863,2,6
3864,3864,5,7
3865,3865,6,3
3866,3866,2,4
3867,3867,7,7
3868,3868,0,7
3869,3869,2,10
3870,3870,9,6
3871,3871,1,3
3872,3872,8,4
3873,3873,4,7
3874,3874,8,7
3875,3875,0,7
3876,3876,9,2
3877,3877,5,1
3878,3878,3,8
3879,3879,5,8
3880,3880,4,2
3881,3881,7,10
3882,3882,9,5
3883,3883,9,1
3884,3884,0,7
3885,3885,3,4
3886,3886,7,8
3887,3887,0,5
3888,3888,4,1
3889,3889,7,7
3890,3890,4,4
3891,3891,2,2
3892,3892,3,7
3893,3893,9,8
3894,3894,9,2
3895,3895,7,10
3896,3896,1,1
3897,3897,5,2
3898,3898,7,8
3899,3899,7,4
3900,3900,2,10
3901,3901,2,1
3902,3902,4,4
3903,3903,2,4
3904,3904,1,2
3905,3905,7,1
3906,3906,7,10
3907,3907,5,2
3908,3908,2,1
3909,3909,8,10
3910,3910,6,3
3911,3911,0,4
3912,3912,4,6
3913,3913,0,8
3914,3914,7,1
3915,3915,1,1
3916,3916,7,5
3917,3917,7,4
3918,3918,7,3
3919,3919,6,6
3920,3920,8,1
3921,3921,9,3
3922,3922,4,9
3923,3923,2,9
3924,3924,2,4
3925,3925,0,2
3926,3926,1,4
3927,3927,5,4
3928,3928,9,2
3929,3929,9,7
3930,3930,9,2
3931,3931,8,5
3932,3932,1,5
3933,3933,3,9
3934,3934,8,6
3935,3935,0,6
3936,3936,5,4
3937,3937,8,6
3938,3938,9,8
3939,3939,1,5
3940,3940,9,5
3941,3941,8,5
3942,3942,6,3
3943,3943,3,4
3944,3944,8,3
3945,3945,8,7
3946,3946,9,9
3947,3947,2,1
3948,3948,7,9
3949,3949,2,7
3950,3950,3,2
3951,3951,8,6
3952,3952,5,4
3953,3953,7,6
3954,3954,5,2
3955,3955,6,9
3956,3956,8,7
3957,3957,8,10
3958,3958,1,10
3959,3959,7,1
3960,3960,3,8
3961,3961,8,8
3962,3962,1,10
3963,3963,4,9
3964,3964,3,9
3965,3965,0,5
3966,3966,1,2
3967,3967,3,1
3968,3968,1,3
3969,3969,2,2
3970,3970,4,4
3971,3971,6,4
3972,3972,3,3
3973,3973,4,6
3974,3974,9,8
3975,3975,3,3
3976,3976,4,9
3977,3977,9,10
3978,3978,8,4
3979,3979,2,6
3980,3980,0,1
3981,3981,6,4
3982,3982,1,6
3983,3983,2,3
3984,3984,2,8
3985,3985,9,9
3986,3986,5,10
3987,3987,1,3
3988,3988,0,5
3989,3989,6,10
3990,3990,5,4
3991,3991,8,9
3992,3992,9,4
3993,3993,0,10
3994,3994,0,3
3995,3995,2,4
3996,3996,0,2
3997,3997,7,9
3998,3998,0,8
3999,3999,8,8
4000,4000,1,7
4001,4001,2,10
4002,4002,3,8
4003,4003,4,8
4004,4004,2,8
4005,4005,5,8
4006,4006,7,4
4007,4007,9,3
4008,4008,9,8
4009,4009,3,4
4010,4010,0,1
4011,4011,0,4
4012,4012,9,8
4013,4013,8,2
4014,4014,3,4
4015,4015,8,4
4016,4016,5,4
4017,4017,7,1
4018,4018,5,7
4019,4019,2,8
4020,4020,9,6
4021,4021,7,4
4022,4022,3,8
4023,4023,4,1
4024,4024,3,6
4025,4025,4,8
4026,4026,9,8
4027,4027,7,3
4028,4028,4,3
4029,4029,2,3
4030,4030,1,7
4031,4031,7,4
4032,4032,8,8
4033,4033,2,1
4034,4034,8,10
4035,4035,0,6
4036,4036,0,8
4037,4037,8,4
4038,4038,2,1
4039,4039,4,8
4040,4040,3,1
4041,4041,2,5
4042,4042,7,1
4043,4043,4,9
4044,4044,7,6
4045,4045,2,1
4046,4046,6,3
4047,4047,2,10
4048,4048,8,7
4049,4049,8,6
4050,4050,6,5
4051,4051,9,9
4052,4052,9,3
4053,4053,1,9
4054,4054,4,4
4055,4055,3,8
4056,4056,6,10
4057,4057,9,4
4058,4058,9,2
4059,4059,1,7
4060,4060,1,7
4061,4061,9,7
4062,4062,3,9
4063,4063,8,1
4064,4064,5,7
4065,4065,9,4
4066,4066,9,1
4067,4067,6,5
4068,4068,5,7
4069,4069,9,9
4070,4070,0,6
4071,4071,5,10
4072,4072,3,7
4073,4073,3,4
4074,4074,3,6
4075,4075,9,2
4076,4076,3,6
4077,4077,8,5
4078,4078,4,7
4079,4079,4,1
4080,4080,2,9
4081,4081,5,10
4082,4082,0,2
4083,4083,9,8
4084,4084,4,7
4085,4085,2,5
4086,4086,1,5
4087,4087,8,2
4088,4088,9,10
4089,4089,6,5
4090,4090,7,2
4091,4091,6,8
4092,4092,1,4
4093,4093,4,4
4094,4094,9,7
4095,4095,7,4
4096,4096,7,8
4097,4097,2,2
4098,4098,5,1
4099,4099,7,4
4100,4100,2,4
4101,4101,2,6
4102,4102,3,8
4103,4103,6,4
4104,4104,7,8
4105,4105,7,10
4106,4106,0,6
4107,4107,6,6
4108,4108,7,6
4109,4109,8,8
4110,4110,9,2
4111,4111,0,3
4112,4112,4,1
4113,4113,1,5
4114,4114,4,10
4115,4115,2,2
4116,4116,3,6
4117,4117,7,9
4118,4118,3,9
4119,4119,7,4
4120,4120,5,9
4121,4121,6,5
4122,4122,7,10
4123,4123,6,4
4124,4124,8,9
4125,4125,8,6
4126,4126,7,4
4127,4127,4,9
4128,4128,0,2
4129,4129,2,1
4130,4130,7,1
4131,4131,1,1
4132,4132,7,2
4133,4133,5,6
4134,4134,1,8
4135,4135,8,8
4136,4136,6,5
4137,4137,4,5
4138,4138,6,9
4139,4139,1,1
4140,4140,3,9
4141,4141,6,1
4142,4142,5,8
4143,4143,7,5
4144,4144,3,3
4145,4145,5,6
4146,4146,6,3
4147,4147,2,10
4148,4148,8,7
4149,4149,3,8
4150,4150,8,9
4151,4151,3,4
4152,4152,1,8
4153,4153,6,4
4154,4154,9,8
4155,4155,8,2
4156,4156,3,2
4157,4157,7,6
4158,4158,8,2
4159,4159,2,1
4160,4160,5,5
4161,4161,8,2
4162,4162,0,1
4163,4163,6,8
4164,4164,4,3
4165,4165,6,8
4166,4166,9,7
4167,4167,1,4
4168,4168,4,4
4169,4169,7,4
4170,4170,9,3
4171,4171,1,4
4172,4172,7,7
4173,4173,5,3
4174,4174,6,4
4175,4175,6,10
4176,4176,1,7
4177,4177,0,2
4178,4178,3,10
4179,4179,1,2
4180,4180,2,1
4181,4181,2,8
4182,4182,1,6
4183,4183,1,8
4184,4184,8,7
4185,4185,8,1
4186,4186,5,3
4187,4187,9,8
4188,4188,1,10
4189,4189,0,5
4190,4190,0,9
4191,4191,6,1
4192,4192,0,3
4193,4193,0,4
4194,4194,0,3
4195,4195,3,6
4196,4196,6,10
4197,4197,9,9
4198,4198,8,2
4199,4199,9,2
4200,4200,5,5
4201,4201,5,6
4202,4202,3,2
4203,4203,8,2
4204,4204,0,3
4205,4205,1,3
4206,4206,1,9
4207,4207,2,4
4208,4208,0,2
4209,4209,4,4
4210,4210,5,2
4211,4211,7,10
4212,4212,0,6
4213,4213,0,1
4214,4214,1,9
4215,4215,1,7
4216,4216,0,1
4217,4217,1,7
4218,4218,1,7
4219,4219,9,1
4220,4220,6,4
4221,4221,5,10
4222,4222,2,9
4223,4223,9,6
4224,4224,3,10
4225,4225,9,9
4226,4226,1,3
4227,4227,6,8
4228,4228,0,7
4229,4229,8,8
4230,4230,1,5
4231,4231,8,1
4232,4232,0,1
4233,4233,8,10
4234,4234,1,6
4235,4235,4,9
4236,4236,4,4
4237,4237,8,2
4238,4238,2,5
4239,4239,8,6
4240,4240,9,6
4241,4241,2,1
4242,4242,0,8
4243,4243,2,5
4244,4244,9,9
4245,4245,6,3
4246,4246,3,7
4247,4247,7,4
4248,4248,7,5
4249,4249,4,4
4250,4250,6,3
4251,4251,5,2
4252,4252,0,8
4253,4253,2,1
4254,4254,2,5
4255,4255,3,4
4256,4256,7,3
4257,4257,7,5
4258,4258,6,5
4259,4259,3,3
4260,4260,8,3
4261,4261,7,8
4262,4262,2,4
4263,4263,4,8
4264,4264,2,3
4265,4265,5,8
4266,4266,5,1
4267,4267,2,10
4268,4268,3,9
4269,4269,4,5
4270,4270,6,2
4271,4271,0,10
4272,4272,3,1
4273,4273,8,9
4274,4274,0,2
4275,4275,2,8
4276,4276,1,9
4277,4277,7,4
4278,4278,6,10
4279,4279,3,6
4280,4280,6,10
4281,4281,5,5
4282,4282,3,9
4283,4283,4,10
4284,4284,0,10
4285,4285,2,4
4286,4286,6,8
4287,4287,5,8
4288,4288,0,4
4289,4289,4,1
4290,4290,1,8
4291,4291,5,7
4292,4292,9,4
4293,4293,4,2
4294,4294,4,7
4295,4295,4,7
4296,4296,2,8
4297,4297,7,8
4298,4298,4,3
4299,4299,8,5
4300,4300,9,10
4301,4301,9,2
4302,4302,8,4
4303,4303,1,8
4304,4304,1,2
4305,4305,9,1
4306,4306,6,7
4307,4307,9,7
4308,4308,1,8
4309,4309,9,2
4310,4310,5,2
4311,4311,6,3
4312,4312,3,3
4313,4313,7,9
4314,4314,5,10
4315,4315,5,6
4316,4316,1,6
4317,4317,4,10
4318,4318,9,6
4319,4319,4,7
4320,4320,3,8
4321,4321,3,10
4322,4322,5,8
4323,4323,0,6
4324,4324,3,4
4325,4325,8,3
4326,4326,2,3
4327,4327,7,3
4328,4328,8,8
4329,4329,2,7
4330,4330,4,6
4331,4331,0,2
4332,4332,1,10
4333,4333,9,10
4334,4334,3,3
4335,4335,3,9
4336,4336,3,3
4337,4337,4,9
4338,4338,5,9
4339,4339,1,8
4340,4340,6,3
4341,4341,0,5
4342,4342,8,5
4343,4343,3,9
4344,4344,2,4
4345,4345,0,4
4346,4346,5,9
4347,4347,5,10
4348,4348,8,9
4349,4349,1,4
4350,4350,0,4
4351,4351,6,10
4352,4352,8,7
4353,4353,2,8
4354,4354,4,2
4355,4355,9,2
4356,4356,5,5
4357,4357,0,2
4358,4358,9,5
4359,4359,8,6
4360,4360,6,10
4361,4361,9,7
4362,4362,3,3
4363,4363,7,7
4364,4364,5,3
4365,4365,4,4
4366,4366,7,5
4367,4367,9,1
4368,4368,7,7
4369,4369,2,6
4370,4370,7,5
4371,4371,1,6
4372,4372,2,8
4373,4373,1,4
4374,4374,7,2
4375,4375,9,2
4376,4376,6,1
4377,4377,8,5
4378,4378,3,6
4379,4379,5,8
4380,4380,8,7
4381,4381,3,7
4382,4382,1,5
4383,4383,0,5
4384,4384,6,9
4385,4385,8,10
4386,4386,6,4
4387,4387,2,10
4388,4388,9,3
4389,4389,2,9
4390,4390,3,7
4391,4391,9,10
4392,4392,4,9
4393,4393,9,4
4394,4394,7,6
4395,4395,1,6
4396,4396,2,8
4397,4397,8,4
4398,4398,6,4
4399,4399,1,8
4400,4400,4,4
4401,4401,9,2
4402,4402,3,5
4403,4403,9,9
4404,4404,2,2
4405,4405,6,6
4406,4406,0,9
4407,4407,6,3
4408,4408,4,9
4409,4409,4,8
4410,4410,7,10
4411,4411,4,2
4412,4412,6,4
4413,4413,3,9
4414,4414,9,3
4415,4415,2,1
4416,4416,9,10
4417,4417,7,7
4418,4418,1,10
4419,4419,6,2
4420,4420,1,2
4421,4421,8,1
4422,4422,9,9
4423,4423,3,8
4424,4424,9,6
4425,4425,2,10
4426,4426,8,10
4427,4427,3,7
4428,4428,3,9
4429,4429,8,5
4430,4430,7,4
4431,4431,6,3
4432,4432,0,6
4433,4433,6,5
4434,4434,5,2
4435,4435,0,7
4436,4436,4,10
4437,4437,5,9
4438,4438,6,10
4439,4439,1,10
4440,4440,6,3
4441,4441,2,10
4442,4442,5,6
4443,4443,2,2
4444,4444,3,1
4445,4445,6,6
4446,4446,1,10
4447,4447,8,3
4448,4448,0,5
4449,4449,3,9
4450,4450,4,10
4451,4451,1,2
4452,4452,0,1
4453,4453,1,4
4454,4454,4,10
4455,4455,0,6
4456,4456,7,8
4457,4457,0,7
4458,4458,1,10
4459,4459,4,4
4460,4460,8,6
4461,4461,8,2
4462,4462,1,6
4463,4463,3,9
4464,4464,6,2
4465,4465,9,7
4466,4466,5,4
4467,4467,6,4
4468,4468,3,9
4469,4469,6,6
4470,4470,6,8
4471,4471,4,8
4472,4472,5,5
4473,4473,3,3
4474,4474,0,10
4475,4475,7,7
4476,4476,8,2
4477,4477,9,4
4478,4478,2,7
4479,4479,0,9
4480,4480,7,5
4481,4481,8,10
4482,4482,6,7
4483,4483,2,3
4484,4484,1,4
4485,4485,6,1
4486,4486,5,3
4487,4487,3,1
4488,4488,3,3
4489,4489,0,10
4490,4490,0,2
4491,4491,5,3
4492,4492,0,10
4493,4493,1,4
4494,4494,6,10
4495,4495,1,6
4496,4496,3,6
4497,4497,1,5
4498,4498,0,2
4499,4499,6,5
4500,4500,0,9
4501,4501,4,8
4502,4502,5,6
4503,4503,1,8
4504,4504,9,7
4505,4505,7,3
4506,4506,0,2
4507,4507,2,8
4508,4508,9,7
4509,4509,2,4
4510,4510,8,2
4511,4511,1,1
4512,4512,7,3
4513,4513,3,1
4514,4514,2,9
4515,4515,5,9
4516,4516,0,6
4517,4517,3,5
4518,4518,9,3
4519,4519,9,7
4520,4520,9,2
4521,4521,2,4
4522,4522,0,8
4523,4523,6,10
4524,4524,4,8
4525,4525,7,3
4526,4526,0,1
4527,4527,1,3
4528,4528,2,5
4529,4529,3,4
4530,4530,4,2
4531,4531,7,7
4532,4532,6,3
4533,4533,0,4
4534,4534,1,8
4535,4535,3,1
4536,4536,1,2
4537,4537,9,4
4538,4538,6,1
4539,4539,7,3
4540,4540,4,3
4541,4541,6,10
4542,4542,1,1
4543,4543,4,4
4544,4544,5,3
4545,4545,5,3
4546,4546,7,8
4547,4547,7,5
4548,4548,6,8
4549,4549,3,3
4550,4550,4,9
4551,4551,3,2
4552,4552,5,7
4553,4553,8,3
4554,4554,6,2
4555,4555,8,2
4556,4556,7,4
4557,4557,9,1
4558,4558,8,1
4559,4559,1,5
4560,4560,5,7
4561,4561,2,3
4562,4562,0,9
4563,4563,4,5
4564,4564,1,6
4565,4565,8,3
4566,4566,5,1
4567,4567,8,8
4568,4568,2,9
4569,4569,3,6
4570,4570,8,2
4571,4571,1,1
4572,4572,5,5
4573,4573,6,6
4574,4574,6,1
4575,4575,7,4
4576,4576,2,2
4577,4577,2,7
4578,4578,6,2
4579,4579,6,6
4580,4580,3,2
4581,4581,1,6
4582,4582,8,5
4583,4583,4,3
4584,4584,4,10
4585,4585,6,3
4586,4586,5,5
4587,4587,4,6
4588,4588,1,3
4589,4589,8,4
4590,4590,4,6
4591,4591,1,5
4592,4592,9,1
4593,4593,8,7
4594,4594,6,7
4595,4595,3,5
4596,4596,5,4
4597,4597,1,4
4598,4598,2,4
4599,4599,7,2
4600,4600,9,3
4601,4601,2,6
4602,4602,7,1
4603,4603,4,2
4604,4604,0,8
4605,4605,0,8
4606,4606,2,8
4607,4607,8,4
4608,4608,3,10
4609,4609,9,2
4610,4610,0,6
4611,4611,8,10
4612,4612,4,2
4613,4613,4,10
4614,4614,8,4
4615,4615,3,6
4616,4616,8,4
4617,4617,4,7
4618,4618,3,6
4619,4619,1,10
4620,4620,3,4
4621,4621,9,4
4622,4622,3,4
4623,4623,4,3
4624,4624,4,6
4625,4625,2,8
4626,4626,5,6
4627,4627,2,1
4628,4628,4,2
4629,4629,4,8
4630,4630,0,2
4631,4631,2,7
4632,4632,1,5
4633,4633,3,8
4634,4634,7,4
4635,4635,9,5
4636,4636,3,10
4637,4637,3,8
4638,4638,6,4
4639,4639,7,10
4640,4640,1,2
4641,4641,8,10
4642,4642,9,9
4643,4643,6,10
4644,4644,5,1
4645,4645,0,5
4646,4646,1,10
4647,4647,6,7
4648,4648,9,1
4649,4649,9,4
4650,4650,9,4
4651,4651,4,6
4652,4652,5,5
4653,4653,3,6
4654,4654,7,10
4655,4655,0,6
4656,4656,2,8
4657,4657,4,2
4658,4658,2,9
4659,4659,9,7
4660,4660,9,3
4661,4661,7,5
4662,4662,8,6
4663,4663,1,1
4664,4664,3,2
4665,4665,1,3
4666,4666,1,8
4667,4667,9,6
4668,4668,7,10
4669,4669,9,7
4670,4670,3,7
4671,4671,0,3
4672,4672,6,6
4673,4673,4,7
4674,4674,5,8
4675,4675,2,8
4676,4676,1,10
4677,4677,7,4
4678,4678,9,9
4679,4679,0,6
4680,4680,5,3
4681,4681,3,4
4682,4682,1,6
4683,4683,9,5
4684,4684,5,4
4685,4685,3,8
4686,4686,4,6
4687,4687,1,10
4688,4688,2,9
4689,4689,7,8
4690,4690,1,9
4691,4691,4,3
4692,4692,0,8
4693,4693,6,1
4694,4694,7,5
4695,4695,4,6
4696,4696,3,10
4697,4697,0,4
4698,4698,1,7
4699,4699,0,2
4700,4700,9,10
4701,4701,4,4
4702,4702,4,9
4703,4703,8,10
4704,4704,1,2
4705,4705,9,7
4706,4706,4,9
4707,4707,7,3
4708,4708,4,2
4709,4709,2,6
4710,4710,3,9
4711,4711,9,6
4712,4712,2,2
4713,4713,6,8
4714,4714,3,7
4715,4715,5,10
4716,4716,5,2
4717,4717,6,7
4718,4718,9,2
4719,4719,7,4
4720,4720,5,4
4721,4721,3,4
4722,4722,4,2
4723,4723,2,6
4724,4724,9,7
4725,4725,3,1
4726,4726,0,5
4727,4727,1,7
4728,4728,4,8
4729,4729,2,10
4730,4730,8,3
4731,4731,8,5
4732,4732,7,1
4733,4733,4,1
4734,4734,8,10
4735,4735,7,9
4736,4736,8,5
4737,4737,3,8
4738,4738,5,2
4739,4739,0,1
4740,4740,8,2
4741,4741,6,6
4742,4742,0,2
4743,4743,3,2
4744,4744,1,10
4745,4745,2,6
4746,4746,5,3
4747,4747,2,10
4748,4748,0,8
4749,4749,6,4
4750,4750,2,10
4751,4751,6,8
4752,4752,8,3
4753,4753,8,4
4754,4754,3,4
4755,4755,6,8
4756,4756,0,5
4757,4757,3,2
4758,4758,9,8
4759,4759,0,3
4760,4760,3,10
4761,4761,9,6
4762,4762,4,10
4763,4763,5,10
4764,4764,7,4
4765,4765,6,8
4766,4766,3,5
4767,4767,6,10
4768,4768,8,2
4769,4769,3,8
4770,4770,8,7
4771,4771,1,10
4772,4772,8,9
4773,4773,3,8
4774,4774,3,1
4775,4775,5,5
4776,4776,6,4
4777,4777,4,1
4778,4778,0,2
4779,4779,7,8
4780,4780,1,2
4781,4781,5,7
4782,4782,4,5
4783,4783,3,5
4784,4784,8,7
4785,4785,0,2
4786,4786,5,5
4787,4787,2,7
4788,4788,9,5
4789,4789,2,7
4790,4790,4,5
4791,4791,4,4
4792,4792,7,7
4793,4793,8,1
4794,4794,7,4
4795,4795,0,2
4796,4796,3,2
4797,4797,9,6
4798,4798,3,6
4799,4799,8,2
4800,4800,4,6
4801,4801,6,3
4802,4802,7,4
4803,4803,0,6
4804,4804,5,9
4805,4805,4,7
4806,4806,9,2
4807,4807,0,5
4808,4808,6,10
4809,4809,3,3
4810,4810,8,7
4811,4811,9,6
4812,4812,1,3
4813,4813,1,8
4814,4814,2,5
4815,4815,2,7
4816,4816,7,5
4817,4817,9,5
4818,4818,3,2
4819,4819,3,7
4820,4820,9,7
4821,4821,0,6
4822,4822,2,7
4823,4823,9,8
4824,4824,0,5
4825,4825,7,9
4826,4826,0,2
4827,4827,4,1
4828,4828,8,6
4829,4829,7,10
4830,4830,3,3
4831,4831,6,3
4832,4832,1,5
4833,4833,6,3
4834,4834,3,7
4835,4835,7,10
4836,4836,0,10
4837,4837,5,1
4838,4838,1,10
4839,4839,0,6
4840,4840,6,9
4841,4841,4,3
4842,4842,3,7
4843,4843,9,1
4844,4844,3,2
4845,4845,8,5
4846,4846,1,3
4847,4847,9,8
4848,4848,4,6
4849,4849,3,4
4850,4850,8,1
4851,4851,9,2
4852,4852,8,2
4853,4853,3,2
4854,4854,2,10
4855,4855,4,1
4856,4856,0,5
4857,4857,7,9
4858,4858,3,2
4859,4859,1,6
4860,4860,9,4
4861,4861,7,5
4862,4862,4,6
4863,4863,7,10
4864,4864,5,4
4865,4865,7,3
4866,4866,6,9
4867,4867,4,8
4868,4868,5,7
4869,4869,5,5
4870,4870,7,9
4871,4871,2,8
4872,4872,0,8
4873,4873,4,8
4874,4874,2,5
4875,4875,1,1
4876,4876,5,4
4877,4877,8,7
4878,4878,1,3
4879,4879,9,9
4880,4880,8,9
4881,4881,7,6
4882,4882,8,7
4883,4883,7,6
4884,4884,9,7
4885,4885,5,10
4886,4886,7,8
4887,4887,0,5
4888,4888,1,2
4889,4889,7,6
4890,4890,0,6
4891,4891,9,6
4892,4892,6,1
4893,4893,2,4
4894,4894,4,4
4895,4895,0,5
4896,4896,8,7
4897,4897,1,5
4898,4898,2,2
4899,4899,7,10
4900,4900,3,10
4901,4901,8,6
4902,4902,1,2
4903,4903,1,10
4904,4904,1,7
4905,4905,9,3
4906,4906,2,10
4907,4907,9,8
4908,4908,8,9
4909,4909,4,3
4910,4910,4,9
4911,4911,4,8
4912,4912,3,6
4913,4913,5,8
4914,4914,5,3
4915,4915,1,4
4916,4916,1,1
4917,4917,1,10
4918,4918,3,10
4919,4919,0,6
4920,4920,9,9
4921,4921,9,5
4922,4922,0,6
4923,4923,5,6
4924,4924,9,10
4925,4925,5,5
4926,4926,0,2
4927,4927,7,2
4928,4928,0,7
4929,4929,8,1
4930,4930,1,5
4931,4931,9,5
4932,4932,6,9
4933,4933,9,4
4934,4934,5,2
4935,4935,0,6
4936,4936,0,9
4937,4937,5,3
4938,4938,0,5
4939,4939,7,4
4940,4940,1,9
4941,4941,0,2
4942,4942,0,7
4943,4943,4,10
4944,4944,2,1
4945,4945,5,10
4946,4946,2,7
4947,4947,9,3
4948,4948,8,10
4949,4949,2,1
4950,4950,6,1
4951,4951,2,10
4952,4952,1,9
4953,4953,6,7
4954,4954,8,6
4955,4955,3,7
4956,4956,8,5
4957,4957,6,6
4958,4958,0,5
4959,4959,9,8
4960,4960,4,1
4961,4961,0,3
4962,4962,5,10
4963,4963,0,3
4964,4964,9,2
4965,4965,7,5
4966,4966,8,3
4967,4967,9,3
4968,4968,4,6
4969,4969,4,4
4970,4970,1,9
4971,4971,1,9
4972,4972,3,6
4973,4973,8,3
4974,4974,0,4
4975,4975,0,1
4976,4976,1,7
4977,4977,5,8
4978,4978,8,1
4979,4979,7,3
4980,4980,3,5
4981,4981,3,1
4982,4982,5,10
4983,4983,0,4
4984,4984,3,6
4985,4985,9,8
4986,4986,6,5
4987,4987,7,4
4988,4988,9,8
4989,4989,2,6
4990,4990,9,4
4991,4991,0,9
4992,4992,2,1
4993,4993,3,3
4994,4994,6,10
4995,4995,6,7
4996,4996,1,8
4997,4997,0,9
4998,4998,3,7
4999,4999,8,5
5000,5000,4,10
5001,5001,7,8
5002,5002,8,5
5003,5003,9,2
5004,5004,3,3
5005,5005,1,3
5006,5006,7,4
5007,5007,1,1
5008,5008,6,5
5009,5009,6,10
5010,5010,8,6
5011,5011,7,10
5012,5012,6,3
5013,5013,8,1
5014,5014,2,9
5015,5015,5,1
5016,5016,5,10
5017,5017,0,8
5018,5018,1,5
5019,5019,3,6
5020,5020,8,8
5021,5021,1,10
5022,5022,2,4
5023,5023,9,9
5024,5024,9,2
5025,5025,2,6
5026,5026,2,6
5027,5027,6,4
5028,5028,9,4
5029,5029,5,2
5030,5030,6,2
5031,5031,9,2
5032,5032,2,8
5033,5033,0,6
5034,5034,7,2
5035,5035,2,4
5036,5036,6,8
5037,5037,5,8
5038,5038,2,1
5039,5039,4,4
5040,5040,3,7
5041,5041,6,10
5042,5042,8,6
5043,5043,6,9
5044,5044,6,9
5045,5045,6,4
5046,5046,6,10
5047,5047,5,4
5048,5048,7,5
5049,5049,9,10
5050,5050,4,2
5051,5051,6,7
5052,5052,3,2
5053,5053,1,1
5054,5054,4,7
5055,5055,7,10
5056,5056,7,9
5057,5057,3,10
5058,5058,7,1
5059,5059,2,4
5060,5060,7,10
5061,5061,1,4
5062,5062,6,6
5063,5063,2,1
5064,5064,8,1
5065,5065,2,8
5066,5066,9,7
5067,5067,9,10
5068,5068,4,8
5069,5069,4,10
5070,5070,0,10
5071,5071,9,8
5072,5072,1,10
5073,5073,9,9
5074,5074,5,9
5075,5075,1,5
5076,5076,0,8
5077,5077,6,7
5078,5078,9,7
5079,5079,8,5
5080,5080,4,4
5081,5081,6,5
5082,5082,6,5
5083,5083,6,3
5084,5084,9,6
5085,5085,9,2
5086,5086,2,6
5087,5087,7,5
5088,5088,9,7
5089,5089,7,7
5090,5090,2,8
5091,5091,9,10
5092,5092,2,6
5093,5093,7,9
5094,5094,2,6
5095,5095,9,8
5096,5096,7,8
5097,5097,7,1
5098,5098,9,7
5099,5099,8,8
5100,5100,4,5
5101,5101,0,8
5102,5102,3,8
5103,5103,0,8
5104,5104,6,8
5105,5105,3,9
5106,5106,2,4
5107,5107,0,5
5108,5108,8,4
5109,5109,7,9
5110,5110,8,9
5111,5111,2,3
5112,5112,5,8
5113,5113,0,4
5114,5114,1,6
5115,5115,9,9
5116,5116,8,4
5117,5117,7,9
5118,5118,7,3
5119,5119,0,4
5120,5120,8,8
5121,5121,3,4
5122,5122,6,3
5123,5123,2,7
5124,5124,1,5
5125,5125,4,8
5126,5126,6,6
5127,5127,5,6
5128,5128,8,4
5129,5129,9,10
5130,5130,0,9
5131,5131,9,1
5132,5132,8,5
5133,5133,1,3
5134,5134,4,2
5135,5135,5,8
5136,5136,2,8
5137,5137,4,1
5138,5138,2,4
5139,5139,4,5
5140,5140,5,9
5141,5141,8,10
5142,5142,4,2
5143,5143,6,5
5144,5144,2,6
5145,5145,1,5
5146,5146,3,2
5147,5147,5,3
5148,5148,4,1
5149,5149,8,9
5150,5150,0,4
5151,5151,5,9
5152,5152,9,8
5153,5153,4,7
5154,5154,5,1
5155,5155,6,5
5156,5156,2,10
5157,5157,5,8
5158,5158,0,7
5159,5159,4,1
5160,5160,9,7
5161,5161,7,9
5162,5162,3,2
5163,5163,1,5
5164,5164,2,7
5165,5165,7,7
5166,5166,1,8
5167,5167,1,10
5168,5168,8,7
5169,5169,8,3
5170,5170,3,2
5171,5171,0,4
5172,5172,6,3
5173,5173,8,1
5174,5174,1,10
5175,5175,7,8
5176,5176,8,1
5177,5177,8,10
5178,5178,6,7
5179,5179,2,7
5180,5180,4,5
5181,5181,3,7
5182,5182,2,3
5183,5183,6,10
5184,5184,3,4
5185,5185,4,2
5186,5186,2,5
5187,5187,6,8
5188,5188,6,3
5189,5189,4,2
5190,5190,8,2
5191,5191,3,2
5192,5192,3,2
5193,5193,0,2
5194,5194,4,2
5195,5195,1,4
5196,5196,2,3
5197,5197,7,9
5198,5198,3,5
5199,5199,9,6
5200,5200,5,9
5201,5201,0,2
5202,5202,4,7
5203,5203,6,9
5204,5204,0,3
5205,5205,8,1
5206,5206,4,10
5207,5207,3,2
5208,5208,0,10
5209,5209,3,3
5210,5210,0,4
5211,5211,9,6
5212,5212,2,10
5213,5213,5,9
5214,5214,3,6
5215,5215,0,4
5216,5216,3,4
5217,5217,6,9
5218,5218,7,10
5219,5219,7,6
5220,5220,5,8
5221,5221,7,6
5222,5222,6,8
5223,5223,4,5
5224,5224,1,10
5225,5225,8,2
5226,5226,1,10
5227,5227,2,6
5228,5228,2,2
5229,5229,7,6
5230,5230,5,8
5231,5231,4,4
5232,5232,4,9
5233,5233,7,5
5234,5234,3,9
5235,5235,3,6
5236,5236,5,1
5237,5237,2,4
5238,5238,7,7
5239,5239,0,6
5240,5240,6,3
5241,5241,2,7
5242,5242,3,6
5243,5243,3,7
5244,5244,1,3
5245,5245,8,5
5246,5246,0,1
5247,5247,7,10
5248,5248,8,7
5249,5249,5,2
5250,5250,1,9
5251,5251,0,9
5252,5252,6,4
5253,5253,9,1
5254,5254,9,8
5255,5255,2,8
5256,5256,7,10
5257,5257,5,2
5258,5258,1,6
5259,5259,2,2
5260,5260,2,4
5261,5261,6,8
5262,5262,7,5
5263,5263,1,1
5264,5264,8,6
5265,5265,5,9
5266,5266,6,8
5267,5267,0,9
5268,5268,4,8
5269,5269,9,10
5270,5270,1,10
5271,5271,2,8
5272,5272,0,3
5273,5273,5,10
5274,5274,9,9
5275,5275,5,8
5276,5276,6,9
5277,5277,9,5
5278,5278,3,9
5279,5279,6,6
5280,5280,9,6
5281,5281,1,9
5282,5282,0,7
5283,5283,8,4
5284,5284,7,2
5285,5285,2,10
5286,5286,8,6
5287,5287,0,1
5288,5288,5,8
5289,5289,1,5
5290,5290,5,1
5291,5291,0,6
5292,5292,2,3
5293,5293,0,5
5294,5294,7,7
5295,5295,7,4
5296,5296,7,1
5297,5297,0,9
5298,5298,2,10
5299,5299,5,5
5300,5300,7,3
5301,5301,2,10
5302,5302,3,6
5303,5303,9,8
5304,5304,3,9
5305,5305,0,6
5306,5306,9,3
5307,5307,1,6
5308,5308,1,8
5309,5309,4,2
5310,5310,6,2
5311,5311,0,4
5312,5312,9,4
5313,5313,5,8
5314,5314,8,1
5315,5315,0,6
5316,5316,6,10
5317,5317,0,5
5318,5318,8,3
5319,5319,2,4
5320,5320,8,3
5321,5321,7,7
5322,5322,2,5
5323,5323,8,2
5324,5324,9,5
5325,5325,9,7
5326,5326,3,2
5327,5327,9,3
5328,5328,9,4
5329,5329,2,6
5330,5330,3,4
5331,5331,6,5
5332,5332,4,9
5333,5333,5,4
5334,5334,7,8
5335,5335,9,2
5336,5336,4,5
5337,5337,2,9
5338,5338,9,8
5339,5339,1,3
5340,5340,4,1
5341,5341,3,9
5342,5342,4,10
5343,5343,2,1
5344,5344,5,9
5345,5345,6,8
5346,5346,3,8
5347,5347,0,2
5348,5348,7,1
5349,5349,3,1
5350,5350,2,5
5351,5351,0,8
5352,5352,0,9
5353,5353,2,2
5354,5354,1,4
5355,5355,9,3
5356,5356,9,8
5357,5357,9,10
5358,5358,6,1
5359,5359,8,1
5360,5360,9,8
5361,5361,4,1
5362,5362,1,4
5363,5363,3,1
5364,5364,6,1
5365,5365,9,5
5366,5366,5,1
5367,5367,8,2
5368,5368,6,3
5369,5369,6,1
5370,5370,9,1
5371,5371,4,1
5372,5372,2,8
5373,5373,0,5
5374,5374,5,4
5375,5375,9,4
5376,5376,2,3
5377,5377,5,2
5378,5378,6,1
5379,5379,5,6
5380,5380,2,8
5381,5381,1,2
5382,5382,5,3
5383,5383,8,1
5384,5384,5,10
5385,5385,1,8
5386,5386,2,2
5387,5387,9,3
5388,5388,7,10
5389,5389,8,9
5390,5390,7,10
5391,5391,8,2
5392,5392,1,8
5393,5393,8,7
5394,5394,7,1
5395,5395,7,3
5396,5396,4,1
5397,5397,6,10
5398,5398,3,9
5399,5399,5,5
5400,5400,6,10
5401,5401,2,5
5402,5402,0,8
5403,5403,2,9
5404,5404,7,8
5405,5405,6,7
5406,5406,5,10
5407,5407,2,1
5408,5408,3,2
5409,5409,6,3
5410,5410,0,8
5411,5411,7,9
5412,5412,8,8
5413,5413,8,7
5414,5414,8,4
5415,5415,3,7
5416,5416,3,8
5417,5417,6,5
5418,5418,9,2
5419,5419,2,1
5420,5420,5,7
5421,5421,3,5
5422,5422,2,4
5423,5423,2,1
5424,5424,6,5
5425,5425,0,2
5426,5426,0,5
5427,5427,5,3
5428,5428,0,9
5429,5429,8,2
5430,5430,2,1
5431,5431,2,8
5432,5432,3,6
5433,5433,2,2
5434,5434,0,8
5435,5435,5,6
5436,5436,9,9
5437,5437,4,2
5438,5438,2,7
5439,5439,3,4
5440,5440,0,4
5441,5441,2,7
5442,5442,5,1
5443,5443,0,1
5444,5444,5,1
5445,5445,7,5
5446,5446,6,9
5447,5447,7,8
5448,5448,0,8
5449,5449,6,3
5450,5450,4,5
5451,5451,2,4
5452,5452,9,2
5453,5453,0,5
5454,5454,0,5
5455,5455,7,4
5456,5456,4,4
5457,5457,8,6
5458,5458,5,2
5459,5459,5,6
5460,5460,1,10
5461,5461,2,1
5462,5462,3,4
5463,5463,3,9
5464,5464,9,5
5465,5465,6,10
5466,5466,4,10
5467,5467,9,1
5468,5468,2,7
5469,5469,0,10
5470,5470,6,1
5471,5471,9,2
5472,5472,4,6
5473,5473,7,7
5474,5474,0,4
5475,5475,3,3
5476,5476,3,1
5477,5477,3,10
5478,5478,5,5
5479,5479,4,6
5480,5480,7,6
5481,5481,1,5
5482,5482,0,10
5483,5483,9,6
5484,5484,0,6
5485,5485,2,8
5486,5486,7,7
5487,5487,2,9
5488,5488,8,5
5489,5489,9,8
5490,5490,5,6
5491,5491,1,9
5492,5492,2,4
5493,5493,4,3
5494,5494,1,8
5495,5495,0,9
5496,5496,8,4
5497,5497,3,8
5498,5498,2,8
5499,5499,6,10
5500,5500,0,7
5501,5501,7,5
5502,5502,2,9
5503,5503,3,6
5504,5504,2,5
5505,5505,2,3
5506,5506,4,2
5507,5507,8,8
5508,5508,4,1
5509,5509,4,8
5510,5510,0,4
5511,5511,4,8
5512,5512,6,10
5513,5513,6,6
5514,5514,9,7
5515,5515,8,10
5516,5516,2,2
5517,5517,8,10
5518,5518,3,1
5519,5519,1,2
5520,5520,0,7
5521,5521,5,10
5522,5522,6,8
5523,5523,5,8
5524,5524,4,8
5525,5525,1,8
5526,5526,0,9
5527,5527,9,8
5528,5528,8,6
5529,5529,1,10
5530,5530,1,2
5531,5531,8,2
5532,5532,2,6
5533,5533,6,1
5534,5534,2,4
5535,5535,4,8
5536,5536,1,10
5537,5537,9,8
5538,5538,4,10
5539,5539,7,6
5540,5540,3,3
5541,5541,6,6
5542,5542,3,6
5543,5543,1,3
5544,5544,9,10
5545,5545,2,7
5546,5546,2,10
5547,5547,9,9
5548,5548,8,7
5549,5549,7,7
5550,5550,4,5
5551,5551,9,4
5552,5552,3,5
5553,5553,9,4
5554,5554,8,8
5555,5555,6,10
5556,5556,5,2
5557,5557,5,1
5558,5558,8,6
5559,5559,1,8
5560,5560,3,6
5561,5561,8,1
5562,5562,3,8
5563,5563,3,2
5564,5564,7,6
5565,5565,7,7
5566,5566,0,7
5567,5567,7,9
5568,5568,9,9
5569,5569,1,6
5570,5570,1,5
5571,5571,2,9
5572,5572,7,2
5573,5573,5,9
5574,5574,0,5
5575,5575,6,9
5576,5576,7,10
5577,5577,1,4
5578,5578,2,9
5579,5579,6,4
5580,5580,7,6
5581,5581,5,10
5582,5582,8,5
5583,5583,9,10
5584,5584,2,3
5585,5585,3,2
5586,5586,0,1
5587,5587,5,6
5588,5588,1,1
5589,5589,3,8
5590,5590,1,2
5591,5591,9,6
5592,5592,9,3
5593,5593,2,1
5594,5594,0,8
5595,5595,9,9
5596,5596,0,5
5597,5597,9,9
5598,5598,9,6
5599,5599,8,3
5600,5600,4,5
5601,5601,8,9
5602,5602,8,2
5603,5603,6,8
5604,5604,6,4
5605,5605,1,8
5606,5606,3,1
5607,5607,2,2
5608,5608,9,5
5609,5609,1,2
5610,5610,7,7
5611,5611,3,1
5612,5612,1,10
5613,5613,7,10
5614,5614,0,5
5615,5615,7,5
5616,5616,4,9
5617,5617,5,1
5618,5618,9,3
5619,5619,9,6
5620,5620,9,3
5621,5621,9,7
5622,5622,6,2
5623,5623,2,8
5624,5624,0,2
5625,5625,2,2
5626,5626,6,8
5627,5627,5,7
5628,5628,6,3
5629,5629,8,7
5630,5630,5,9
5631,5631,2,1
5632,5632,7,9
5633,5633,8,5
5634,5634,4,10
5635,5635,0,6
5636,5636,7,10
5637,5637,6,4
5638,5638,8,7
5639,5639,1,3
5640,5640,7,5
5641,5641,5,3
5642,5642,3,6
5643,5643,6,3
5644,5644,6,10
5645,5645,0,10
5646,5646,4,2
5647,5647,9,3
5648,5648,2,7
5649,5649,3,2
5650,5650,0,6
5651,5651,9,6
5652,5652,8,10
5653,5653,3,6
5654,5654,3,5
5655,5655,2,6
5656,5656,2,3
5657,5657,9,10
5658,5658,5,7
5659,5659,2,2
5660,5660,8,7
5661,5661,7,6
5662,5662,8,3
5663,5663,2,5
5664,5664,2,10
5665,5665,3,5
5666,5666,4,3
5667,5667,9,1
5668,5668,2,1
5669,5669,3,1
5670,5670,9,2
5671,5671,9,5
5672,5672,1,4
5673,5673,4,8
5674,5674,5,9
5675,5675,9,2
5676,5676,9,10
5677,5677,9,2
5678,5678,8,9
5679,5679,5,9
5680,5680,5,10
5681,5681,5,6
5682,5682,0,3
5683,5683,7,2
5684,5684,0,1
5685,5685,2,8
5686,5686,7,1
5687,5687,7,7
5688,5688,4,2
5689,5689,4,1
5690,5690,8,9
5691,5691,3,8
5692,5692,4,2
5693,5693,7,9
5694,5694,1,9
5695,5695,9,6
5696,5696,4,4
5697,5697,8,1
5698,5698,6,1
5699,5699,6,1
5700,5700,5,7
5701,5701,7,10
5702,5702,1,5
5703,5703,1,3
5704,5704,8,2
5705,5705,1,4
5706,5706,4,7
5707,5707,0,2
5708,5708,5,10
5709,5709,1,3
5710,5710,8,10
5711,5711,8,10
5712,5712,6,7
5713,5713,1,3
5714,5714,9,4
5715,5715,8,1
5716,5716,1,6
5717,5717,8,3
5718,5718,8,4
5719,5719,3,3
5720,5720,7,2
5721,5721,5,5
5722,5722,1,10
5723,5723,5,6
5724,5724,4,5
5725,5725,6,2
5726,5726,0,7
5727,5727,5,8
5728,5728,3,8
5729,5729,0,5
5730,5730,5,7
5731,5731,0,1
5732,5732,7,8
5733,5733,1,7
5734,5734,0,6
5735,5735,7,10
5736,5736,0,1
5737,5737,9,3
5738,5738,2,9
5739,5739,8,4
5740,5740,3,10
5741,5741,0,4
5742,5742,0,8
5743,5743,1,5
5744,5744,4,6
5745,5745,3,9
5746,5746,3,1
5747,5747,1,3
5748,5748,9,9
5749,5749,3,3
5750,5750,0,7
5751,5751,7,6
5752,5752,1,10
5753,5753,8,10
5754,5754,4,3
5755,5755,9,9
5756,5756,7,4
5757,5757,2,7
5758,5758,7,1
5759,5759,6,8
5760,5760,7,9
5761,5761,4,4
5762,5762,9,3
5763,5763,0,2
5764,5764,5,6
5765,5765,0,1
5766,5766,7,4
5767,5767,8,9
5768,5768,5,10
5769,5769,3,5
5770,5770,5,4
5771,5771,8,1
5772,5772,0,6
5773,5773,3,7
5774,5774,9,8
5775,5775,7,6
5776,5776,5,4
5777,5777,8,9
5778,5778,5,7
5779,5779,0,9
5780,5780,9,2
5781,5781,0,6
5782,5782,5,10
5783,5783,3,2
5784,5784,9,3
5785,5785,2,5
5786,5786,0,10
5787,5787,6,10
5788,5788,6,5
5789,5789,4,1
5790,5790,6,1
5791,5791,1,3
5792,5792,0,9
5793,5793,2,4
5794,5794,4,2
5795,5795,8,4
5796,5796,4,5
5797,5797,7,5
5798,5798,5,2
5799,5799,3,5
5800,5800,1,5
5801,5801,1,4
5802,5802,6,10
5803,5803,1,2
5804,5804,7,8
5805,5805,3,4
5806,5806,0,1
5807,5807,8,7
5808,5808,8,3
5809,5809,6,3
5810,5810,1,6
5811,5811,9,8
5812,5812,8,10
5813,5813,8,7
5814,5814,0,6
5815,5815,1,6
5816,5816,9,3
5817,5817,7,1
5818,5818,4,6
5819,5819,3,9
5820,5820,7,10
5821,5821,3,5
5822,5822,5,8
5823,5823,9,5
5824,5824,7,1
5825,5825,4,7
5826,5826,1,10
5827,5827,5,2
5828,5828,5,10
5829,5829,9,2
5830,5830,3,10
5831,5831,2,5
5832,5832,1,8
5833,5833,9,3
5834,5834,0,9
5835,5835,7,5
5836,5836,9,3
5837,5837,4,2
5838,5838,8,7
5839,5839,6,1
5840,5840,4,1
5841,5841,7,10
5842,5842,4,10
5843,5843,1,10
5844,5844,3,4
5845,5845,0,1
5846,5846,0,6
5847,5847,7,7
5848,5848,7,9
5849,5849,0,2
5850,5850,4,6
5851,5851,5,8
5852,5852,6,9
5853,5853,0,7
5854,5854,0,3
5855,5855,2,5
5856,5856,0,3
5857,5857,6,7
5858,5858,9,2
5859,5859,3,7
5860,5860,2,1
5861,5861,3,2
5862,5862,2,3
5863,5863,2,6
5864,5864,1,4
5865,5865,1,3
5866,5866,9,4
5867,5867,5,3
5868,5868,9,7
5869,5869,1,7
5870,5870,2,5
5871,5871,5,6
5872,5872,5,3
5873,5873,6,10
5874,5874,7,4
5875,5875,4,8
5876,5876,1,4
5877,5877,1,10
5878,5878,3,4
5879,5879,5,1
5880,5880,8,10
5881,5881,8,10
5882,5882,8,9
5883,5883,3,4
5884,5884,9,2
5885,5885,4,5
5886,5886,1,10
5887,5887,3,7
5888,5888,1,2
5889,5889,4,10
5890,5890,8,10
5891,5891,2,3
5892,5892,7,9
5893,5893,7,1
5894,5894,1,6
5895,5895,6,7
5896,5896,0,5
5897,5897,7,3
5898,5898,8,2
5899,5899,0,2
5900,5900,7,8
5901,5901,9,6
5902,5902,2,10
5903,5903,5,6
5904,5904,1,7
5905,5905,7,5
5906,5906,8,9
5907,5907,6,6
5908,5908,3,4
5909,5909,9,6
5910,5910,2,8
5911,5911,3,2
5912,5912,7,4
5913,5913,5,10
5914,5914,2,2
5915,5915,1,7
5916,5916,0,9
5917,5917,4,5
5918,5918,0,4
5919,5919,5,9
5920,5920,7,5
5921,5921,2,10
5922,5922,4,7
5923,5923,1,7
5924,5924,3,4
5925,5925,8,3
5926,5926,1,6
5927,5927,7,8
5928,5928,9,7
5929,5929,0,7
5930,5930,8,10
5931,5931,9,6
5932,5932,6,4
5933,5933,5,3
5934,5934,5,9
5935,5935,7,8
5936,5936,4,7
5937,5937,4,9
5938,5938,9,3
5939,5939,8,3
5940,5940,3,5
5941,5941,0,8
5942,5942,3,7
5943,5943,8,9
5944,5944,3,4
5945,5945,7,6
5946,5946,5,8
5947,5947,4,2
5948,5948,6,8
5949,5949,2,3
5950,5950,9,6
5951,5951,9,10
5952,5952,1,2
5953,5953,2,5
5954,5954,3,3
5955,5955,5,2
5956,5956,9,1
5957,5957,4,6
5958,5958,4,2
5959,5959,7,9
5960,5960,2,6
5961,5961,5,5
5962,5962,7,5
5963,5963,8,7
5964,5964,2,7
5965,5965,3,4
5966,5966,4,4
5967,5967,5,8
5968,5968,8,2
5969,5969,2,1
5970,5970,8,9
5971,5971,5,9
5972,5972,7,7
5973,5973,0,4
5974,5974,6,1
5975,5975,5,10
5976,5976,6,8
5977,5977,4,6
5978,5978,7,8
5979,5979,7,1
5980,5980,2,3
5981,5981,7,3
5982,5982,5,4
5983,5983,4,10
5984,5984,6,2
5985,5985,2,2
5986,5986,7,4
5987,5987,1,6
5988,5988,9,10
5989,5989,9,9
5990,5990,1,2
5991,5991,6,9
5992,5992,3,1
5993,5993,6,4
5994,5994,4,10
5995,5995,8,7
5996,5996,5,1
5997,5997,9,6
5998,5998,3,8
5999,5999,2,10
